id,first_goal,second_goal,third_goal,patient_id,last_updated_at
533,,,,bed7633d-45d1-4103-a39c-ae82a6f1108b,2021-06-28 17:31:25
396,,,,9f7a7dc3-d493-4ea5-9c2b-e859a59b235d,2021-03-22 22:52:52
400,,,,cca7ac23-b4d1-4b7d-b77e-84151349ed16,2021-03-25 15:59:03
540,,,,7d8d44d1-7c81-435d-8c23-fac4cca8b843,2021-07-06 17:10:06
1222,,,,4ffcf131-bdb6-45ba-a84a-9db1c51524d6,2023-10-27 22:06:23
411,,,,73a31a21-d0fd-49c3-beac-98f0ad89cc63,2021-04-13 15:46:07
248,Daily walk with Capi,Eat breakfast ,Weekly goal to talk with my therapist  Monday @ 5pm,6ca0fddb-fbf6-45b9-b02d-1a3dddc4f119,2021-07-14 14:48:35
415,Reduce brain fog by 25%,Track mood swings to reduce by 25%,Track organization and improve organization by 25%,4f5bc5c5-d944-436e-a937-0d53a98e0658,2021-04-16 11:22:55
422,,,,79d5939a-100e-4491-b36c-418d87a5bea8,2021-04-21 14:23:55
426,,,,40791f0b-d266-4123-ab9d-9ae45f5a725b,2021-04-22 12:30:58
556,,,,a765de65-ee15-465a-826d-82aeab735b83,2021-07-23 11:28:14
429,Better use of time,Get yard work done incrementally,Send work list to Tom for house repairs,c945e774-d427-41a8-9507-48118ce9975a,2021-04-24 13:22:27
559,,,,6ade859d-339b-4600-a275-0bca86db8609,2021-07-28 18:06:07
1238,,,,574ef8c3-72b8-4f64-b47e-182b88bf4f3d,2023-11-17 14:37:48
1227,Become fully work functional and confident again,Have no brain ache/fussy episodes,Return to active lifestyle,ea3df4e5-c2ce-4c63-bd7f-89c029517c3c,2023-11-09 00:54:10
433,,,,9ed5974c-258e-4433-8e9b-296d2359feea,2021-04-28 08:41:17
563,Smile and genuinely laugh for a day,morning routine,talk to my doctor,cb896f0b-de85-472a-90cb-435bdcbd0e70,2021-08-10 01:07:49
440,,,,801e415d-8584-49e6-b990-e79919deb6e4,2021-05-02 02:42:32
444,,,,269692f9-6290-43ff-8ccf-053910389c6b,2021-05-03 19:20:24
566,,,,b9b1507b-0c65-4849-bfa0-c96e51452f80,2021-08-12 01:10:40
448,,,,f45fea53-a517-4c3c-a2d7-ff784d8c53a2,2021-05-06 06:24:05
452,,,,d1fd0c5a-b558-4f89-a458-d722cd50a7aa,2021-05-06 23:35:06
77,Drink more water to stay hydrated ,Walk 3000 steps,Sleep 8 hours ,fa137523-1f2a-4280-b8f3-40cb191cb40b,2021-08-18 20:45:24
460,,,,8f265870-507c-448b-892b-83fefe740a04,2021-05-12 17:39:49
464,,,,4cdef5dd-82c3-45e0-95d4-bc286cfb64a6,2021-05-13 23:37:11
468,,,,c6445e6d-d6f2-4a5c-aad6-6440e124e23d,2021-05-15 14:00:58
472,,,,e8167431-3237-4b05-9ea5-e0dbfd3164cb,2021-05-18 22:32:45
476,,,,236a3b7f-a32e-4bfd-b2f4-2dd6b5c24100,2021-05-19 15:30:12
207,To become Covid-free,Be productive and Neurofitnesse,Get past dyschronomia ,499f1ec8-f1bc-4ed5-ade6-2b342ab58023,2021-05-19 18:30:57
480,,,,abdd4b3d-7678-4629-b604-a6692399bb76,2021-05-24 01:57:58
571,,,,86807151-1996-4b16-9623-d150b7b1fff6,2021-08-23 05:49:28
487,,,,92247e42-3b3b-445e-ac05-56a5eef44902,2021-06-01 14:06:17
491,,,,b50d3a40-e393-4317-892e-581fb9f9ecd1,2021-06-03 13:32:12
1248,,,,c1fd8b92-48c2-4e4c-ad4f-58deab250735,2023-12-20 00:16:54
495,Get dinner stuff,Make dinner,Eat,9ba09415-1e3f-431d-a557-3b640ec3a7d3,2021-06-03 17:49:46
499,,,,102ac21d-6d37-4598-8c93-8bf48c10dc16,2021-06-04 18:54:09
503,,,,217ed79d-76f2-4b07-9d4c-546f8cdc89f8,2021-06-06 22:59:58
507,,,,e31204c8-ad01-425a-afe8-d75c6984b078,2021-06-07 22:08:14
511,,,,cc585f25-7a83-42be-a44c-d2dbd2ba41a6,2021-06-09 01:55:06
515,,,,92aecb8d-7372-4eb0-b77e-66a0c11f171d,2021-06-11 01:28:21
521,Fitness,Daily Vestibular Drills ,,17286263-edfc-49ec-99f8-6191ce53d5a1,2021-06-15 19:52:19
525,,,,651c0b4e-8a89-425b-a277-f55f8281d59a,2021-06-18 17:14:49
529,,,,39b6d970-53b4-4647-bd9e-1a0901ef6e5f,2021-06-23 20:09:18
580,,,,cdcf3e41-9ba2-43a9-99f1-ef44db695317,2021-08-27 06:25:52
1266,,,,ff7e7e16-d87e-424e-a084-9263e0c04f64,2024-01-25 18:22:47
532,Washers,Clean Music room,Clean Bathroom,ff042f79-a5f3-45d9-83d6-8915a5ec65a0,2021-06-25 13:48:10
586,,,,ce7b4747-6859-4e2e-86af-70c0c91b05ac,2021-09-03 13:59:48
589,,,,ced7e626-bced-4214-ba45-16ee338ceb97,2021-09-06 06:31:48
574,Tracking symptoms aids in the recovery process ,Improve daily life,Help others,be244046-f544-4665-a8be-0dea362de099,2021-09-13 21:59:46
593,,,,b0436d81-28e3-40b1-97cc-a70d0a555a88,2021-09-17 19:16:16
1258,Improve focus,Reduce anxiety,Eliminate headaches,f7040618-d08c-40f4-9acd-0cd41ff820b5,2024-02-19 19:18:39
392,,,,52e19a89-140a-41a4-a3dc-002ebef77f96,2021-03-18 17:06:57
397,,,,67faa8b6-535c-4ee4-83c7-c44eb68fedd0,2021-03-23 18:19:38
534,,,,3ca3b8bf-e6b5-42c1-ac5a-da2bfee372a6,2021-06-29 12:03:51
541,,,,7868e801-e6fd-4297-a68d-2a579ae7d1bb,2021-07-08 20:00:36
412,,,,c0ceaa17-a2e6-4978-8dcb-64dd497e87f9,2021-04-15 15:28:17
419,,,,9c0887a5-9d01-4938-8cfa-775b686411a6,2021-04-21 04:38:43
423,,,,fd1e607a-6955-4bdc-aec1-d8aa079b1034,2021-04-21 17:49:08
427,,,,dd135438-8fcd-4d94-9472-445dc27bf56c,2021-04-22 16:09:44
430,,,,1f923f78-f7b1-4e6f-a288-0762240a992a,2021-04-24 21:35:14
437,,,,863aa0a3-7843-41cf-b0c0-d3c03127f654,2021-05-01 15:32:32
581,Try to control overstimulation that makes me more forgetful 1) to get better at it so I don’t keep frustrating ppl,Stop worrying that family doesn’t understand my TBI symptomsi don’t want to continue to be a disappointment to my family all the time ,"Accept my changes in my personality & put the past, in the past. Try to stop being who I used to be & accept who I am now. Learn to adjust to the changes & not get hurt when I’m compared to who I used to be!!",7b2c6a9e-7802-477a-b368-887b4f533acf,2021-08-30 07:22:35
1273,,,,56b806e4-ed6c-4d43-a86b-f0a8af234f87,2024-01-29 23:13:17
441,Have a stress free day ,Eat a nice meal ,to survive Walmart,e3c1209c-1053-4fc5-ad50-cb8eac56e775,2021-05-02 17:12:36
445,,,,4a73e40d-0a51-4153-b63a-e0dd3aafe262,2021-05-05 00:02:17
449,,,,ae19d854-add9-47ac-997b-e431b22b0154,2021-05-06 15:56:25
453,,,,02c88e13-e777-478d-b6eb-a44669819d87,2021-05-06 23:37:21
457,,,,fcba938e-ab33-4f95-9eb3-e02d6cbf333b,2021-05-10 19:32:27
461,,,,ca1e64ee-ac19-4d75-bd32-85c538a99b45,2021-05-12 18:58:20
554,,,,01e21b8e-785a-4efb-b27c-91496f4dc217,2021-07-22 16:01:50
465,To tidy bedroom,To do some ironing,To hoover,864ceaa8-ef09-48ff-9229-de2ed21436cd,2021-05-14 15:04:09
587,,,,3ef59645-3237-4de8-85f7-b6a52733f9d4,2021-09-03 16:12:20
473,Meaningful work,Purpose ,growth,979976fa-d089-47f9-8b6d-efc5a0b7a7dc,2021-05-18 23:26:19
477,,,,92ae7b47-3b10-4362-a585-7f036c8caf49,2021-05-19 21:12:55
484,,,,517a3e10-01aa-41b5-b4b9-2649ccadcd36,2021-05-29 14:50:02
488,,,,cce5a3b1-c529-4aa0-8d52-deec86d1fc98,2021-06-02 18:48:51
492,,,,5f2ec1f3-a1d6-45e6-b034-7a661528bf51,2021-06-03 15:19:17
496,,,,a14436a8-3b6e-465e-a5ff-f18d02f675bf,2021-06-03 19:14:44
500,,,,4c757fda-3239-4fe8-8d64-691c775df7f4,2021-06-05 00:23:47
560,,,,e28a3216-aa0d-41df-a867-256f951013cb,2021-07-28 20:41:20
504,Daily Planner,Phone reminders,Independent travel,418a2d54-77f9-4023-94ba-ee2769ca9710,2021-06-07 16:36:17
1282,,,,d1efc8a3-1f69-4f37-8604-30d6d717514e,2024-02-05 14:28:53
512,,,,e70620d5-7ebd-4887-acaa-1c4706effa59,2021-06-09 18:01:40
516,,,,a202305a-2bd7-43dc-9bf1-c8ba5a0d82e8,2021-06-11 16:32:03
522,,,,4d10421e-e9d6-4ef5-8611-05d3e697d2e0,2021-06-16 14:21:31
519,To make it through work week without being totally wiped,To go for walks everyday feeling good,To start reading- try poetry first,c75f46ef-679a-4cd8-8c56-e5e9fe65f843,2021-06-17 14:34:08
526,,,,641b6fc6-22d7-4b14-8d01-4245298b0fe7,2021-06-21 00:03:48
530,,,,b53fbeb6-94f8-4d47-aaf4-ade6a9207f9f,2021-06-23 21:08:40
1289,,,,f604eea5-798b-49a7-9c7d-94f790aa963b,2024-02-08 18:11:26
569,,,,f61e3689-e578-48d5-81bd-56baa44ae768,2021-08-20 15:12:35
1294,,,,1f42e0e3-a2fd-4cf9-953f-327ef3e47583,2024-02-20 02:40:45
575,,,,ab7b7228-17e5-4658-87c5-9b8e2b809037,2021-08-24 05:15:29
1300,,,,ae4c79e7-6b14-4577-baf6-37610e7f13ba,2024-03-06 21:29:53
567,enjoy day date with spouse,celebrate today,"pace, pace, play",50676e21-dc55-4eb2-8dd6-6f24ff202cd3,2021-08-25 16:08:47
590,"Wake up early, go to bed early",Limit tiktok lol ,Read a book a week ,49be5d1b-dbc7-4039-94ed-de0584fc3b4e,2021-09-09 16:46:23
434,Apptmt w psych np,Make phone calls,,f99dee48-7f1a-45ea-a876-21f337757e23,2022-08-02 08:25:55
8,increase balance/core strength,track sleep patterns,increase focus/motivation,1654cffa-abff-4f11-a66e-a8bae39cd986,2022-03-02 15:05:30
518,Reducing nausea,Able to socialise and talk with friends without fatigue.,Symptons all gone.,b0a50546-4efc-45cf-a1e1-1d61c4ffb17e,2022-10-12 18:48:43
546,No headaches,More energy,Better mood,5b5fc11c-5e40-4376-a717-4a3bc9e22283,2023-02-16 00:06:27
594,,,,782551b9-e8af-46ea-9093-bf8c2f650eed,2021-09-23 19:42:38
597,,,,61fa1360-8ba3-401c-82bb-e8b116c449c7,2021-09-24 19:53:25
393,,,,64508c70-053e-4159-99f5-3191f84486e8,2021-03-22 00:53:14
542,,,,8ce728dc-c707-40d6-9f3b-0e98b67679eb,2021-07-09 00:37:55
547,,,,453dc873-c34b-401d-8bb0-9127de9899a1,2021-07-12 06:31:22
409,,,,e7864bad-9195-4b0c-82fb-ae295df3f43e,2021-04-10 19:29:46
413,,,,ec6f218c-8c8b-4f4e-ad3e-679439679e83,2021-04-15 15:57:07
417,,,,4abcb76e-b374-4418-a24f-85e4fda9a0d7,2021-04-18 01:54:32
509,eat,sleeping ,exercise ,b39dcb64-f0ba-45d3-b83c-02d7f1a78d18,2021-07-13 19:08:42
420,Drink plenty of water,Get medication from chemist,Rest,fb9390aa-9daf-4598-ba95-40200cdf1c9e,2021-04-21 12:57:35
424,"To be able to read, write, walk and REM without eye motion spasms and vertigo.",To be able to lie on my back.,To be able to get a good night sleep.,e9081a34-4515-4b70-b875-f9f5244b280c,2021-04-21 23:23:27
428,,,,05fd3960-f2f8-4387-8d2e-9acde9986355,2021-04-23 16:16:33
431,,,,2a719e6f-a4f9-4a7a-b798-472ff29bdf7f,2021-04-25 20:45:15
558,,,,5fce7077-11ba-4fd5-905b-22d7334d09ad,2021-07-26 17:47:59
561,,,,3e164733-b68e-4fe8-bae1-ea29c09a62b0,2021-08-01 05:26:09
435,Live independantly,Drive a car,Go back to work,05d558eb-39fb-484c-be18-a0f0f9ba9de8,2021-04-28 18:53:49
438,,,,627ac856-66ad-4707-9cff-bd8b517b42aa,2021-05-01 21:58:03
565,,,,ec9bfa5c-f05e-49f6-9294-e906201fb989,2021-08-10 20:54:30
568,,,,adaee488-0fc5-4068-b1af-db00d42a5cf5,2021-08-16 17:46:12
570,,,,540d4977-0fc9-4de3-9f71-9957276058f0,2021-08-20 18:38:24
442,be independent ,to experience emotion,Love,141cb898-ce8f-47f4-a7f1-cb088216e3ed,2021-05-02 09:58:35
576,,,,01a5ee13-19dc-4a56-b6c7-14267bea8732,2021-08-24 16:38:03
1228,,,,ebdfe728-7aff-4911-b089-6d3fb346835d,2023-11-09 19:05:49
582,,,,5c95db04-291b-4ce9-abb7-a47f325ea356,2021-08-31 04:00:32
585,,,,ed921c90-3d49-4d87-8cf3-b60d3ede64b0,2021-08-31 04:40:45
454,,,,873660ae-737d-4f80-8056-2c090261fa11,2021-05-07 02:08:11
458,,,,0b4109d4-05e9-40d3-a5ca-c1822aff328d,2021-05-11 21:39:09
462,,,,b1ac9661-e3e1-4151-a221-968e15141a0f,2021-05-13 13:25:23
466,,,,d2fce319-8cbd-43b0-b24b-243b69a3aa44,2021-05-14 16:22:45
474,I want to sleep better,I want to walk 4 miles,,de364a83-e53e-4e26-a9ff-27d7d48b9c4b,2021-05-19 03:34:25
470,Sleep from 10pm-7am,,,9efcc829-c770-424e-bbba-b83a84a24002,2021-05-20 00:22:36
588,,,,c4a50e0e-fb2d-462f-a505-791647dc4ad2,2021-09-06 06:23:26
481,,,,f0356db8-f2ab-4c5c-b409-16a34527b625,2021-05-25 05:15:14
485,,,,c69cb224-3904-4a3b-ac89-266150bba920,2021-05-30 08:12:14
592,,,,f2fe3fce-3e43-4335-97c1-9058bb2de468,2021-09-15 22:50:30
489,Feeling grounded,No falls,,d5fbfbf0-d638-4ae4-a848-b891eae3e1b9,2021-06-02 19:20:52
493,,,,eda83cd1-7db9-4964-84e9-5b2a2720394b,2021-06-03 15:52:32
1239,,,,9faf5cc9-bc6d-4918-9ab1-58d39db90cb0,2023-11-17 14:41:23
501,,,,5e279e14-356e-49de-98aa-27798a55b58f,2021-06-06 12:48:27
505,,,,609da6c8-f39b-4045-b8fb-0a5c11c212cf,2021-06-07 16:38:05
513,,,,1abcff0b-dcb3-4200-9915-ad86f5e6d31c,2021-06-10 00:00:49
517,,,,fc393653-b169-40e2-bd8b-af5ecaddbdb1,2021-06-13 18:32:44
520,,,,1844110c-6504-46bd-acc7-f79ffb6e51a4,2021-06-14 18:33:33
523,,,,e77a349a-ad28-4179-88a2-5274d79807a4,2021-06-18 15:44:19
527,,,,59ec74b9-f290-4903-a210-ae55a70ce842,2021-06-21 21:10:23
531,Walking,Home duties,Work fit,5fb6fc30-47e1-435c-bb5a-c56d3f04d234,2021-06-25 00:40:27
339,Physical activity,Two household chores,Artwork,161657dd-f33c-435c-81a6-2bd68754cabd,2021-03-08 20:36:51
348,,,,5c96ba1a-8b2d-49bc-8e8e-b07761948286,2021-03-04 01:06:05
345,,,,7f0877be-4531-4c6d-a08e-de56720a8704,2021-03-03 20:58:46
57,,,,4f708355-a9bc-4e51-ad88-41e0387ef4a6,2020-12-17 03:13:42
181,,,,d1b38236-e50d-4966-a9a0-9557caddc91f,2020-12-17 03:13:42
350,,,,eda39327-b38f-41de-a46a-8782787369b7,2021-03-04 21:09:14
128,,,,128e217d-5a7b-4891-ae5a-6c60b8acf7be,2020-12-17 03:13:42
95,,,,48138a42-7d8e-4f9a-bd2c-7610c6c241c9,2020-12-17 03:13:42
61,,,,f42287e3-92ed-4529-b565-987271674186,2020-12-17 03:13:42
5,,,,ae0ac572-cfa8-4535-93f9-250e872e0c7d,2020-12-17 03:13:42
276,,,,d3eec52b-ef04-4a46-93ef-bd684aa5f3a4,2021-01-10 01:36:24
383,,,,6a7f7ce9-f63e-4651-b941-a25ce116de74,2021-03-15 08:55:32
271,Complete catastrophic assessment ,Get house clean ,Complete daily tasks ,686016d5-258c-4059-87c7-79848ac48227,2021-01-05 00:01:12
318,,,,180ff596-21f1-48f6-b7c9-a152fb2584a1,2021-02-20 17:50:52
338,,,,a94da444-1707-467b-b672-dd3b5ce17037,2021-03-01 23:34:57
269,Limit screen time to decrease neck symptoms. ,,,335d957d-f21e-4585-aad8-3a2e5775e568,2021-01-04 22:27:19
45,,,,a2465591-c1e9-4782-81eb-a93fccc988f4,2020-12-17 03:13:42
390,,,,1186c927-e7a8-4621-9b98-b644db1be976,2021-03-17 17:12:38
12,,,,750a7aaa-4bfe-4882-bc76-7f0c4905408e,2020-12-17 03:13:42
37,,,,7b0a4513-7625-4329-9d50-cc84fe00178f,2020-12-17 03:13:42
382,,,,e6d60987-b384-45f3-aae0-d549b4fd5d63,2021-03-14 19:36:12
208,,,,fbec5b53-5096-4947-87ca-f72589f390a7,2020-12-17 03:13:42
301,,,,858f5364-8978-496b-b366-b21534ddc15c,2021-02-18 01:19:23
53,,,,a55fc574-28bd-4fab-af21-7c2d79c9b38d,2020-12-17 03:13:42
369,eat enough ,exercise 2x per week,consistent sleep,655481fc-54d3-41ee-b6e8-69dd8ea43959,2021-03-11 17:49:39
274,,,,fc40a964-6d8c-4599-ba26-eaf4e5e9bb91,2021-01-07 23:54:46
201,,,,3761c49e-ca83-4288-b02b-ddfa65db3dc5,2020-12-17 03:13:42
180,,,,f8cf0e57-c277-45fd-8173-9a8b9c0b2a40,2020-12-17 03:13:42
30,,,,f88d53ef-3994-411b-8c2e-56273dc13d66,2020-12-17 03:13:42
144,,,,0ad02ef7-bbdc-4071-a3f5-28debc254a83,2020-12-17 03:13:42
44,,,,096d402a-5fcd-41dd-b59b-b3089cf06742,2020-12-17 03:13:42
388,,,,a0e0a3a9-d0e5-48ec-bd06-147de47e58b1,2021-03-16 21:38:26
308,,,,6eb0e5f4-5ed3-4922-9ac8-cfd307cbfeef,2021-02-18 21:20:59
299,,,,38d4158d-fb0b-490f-bf7a-5c9c952d7f5f,2021-02-17 18:48:38
58,,,,1705822f-49f5-4812-8434-e6046f5cfee4,2020-12-17 03:13:42
354,,,,36f86574-892e-4c33-b4e5-52e6395e53ac,2021-03-08 02:52:11
370,,,,75c11952-75a4-4b51-899c-32d25dd38030,2021-03-11 19:20:38
75,,,,80abde55-2d51-4bdb-877c-7ecb226a9fbc,2020-12-17 03:13:42
229,,,,db9c96bb-eda3-47df-af0d-4cd813fdf223,2020-12-17 03:13:42
94,,,,76dd035e-134a-41c3-88a3-5a9ba0fb9de0,2020-12-17 03:13:42
96,,,,dd5d6c21-f0f9-4b40-9796-8d026003ca1a,2020-12-17 03:13:42
240,,,,e252d957-a774-4ad5-b52c-f1da40386a65,2020-12-17 03:13:42
164,,,,c859816f-f402-4183-803c-70bbac8171be,2020-12-17 03:13:42
210,,,,1715cc3c-bea6-4d7e-aad3-b2f96338ba60,2020-12-17 03:13:42
156,,,,35da89b6-cac2-41c7-b990-b203ba21bced,2020-12-17 03:13:42
332,,,,375ed1b5-5f54-4206-b61a-b57a66944331,2021-02-25 16:07:54
161,,,,33c69c12-2510-42c3-b982-f50bf24f76c7,2020-12-17 03:13:42
33,,,,d04b1e2b-e343-437f-86cf-7357d377ced1,2020-12-17 03:13:42
238,,,,2d6a26b2-a57b-4644-bc67-5c9cd195cd21,2020-12-17 03:13:42
46,,,,4045977e-fa86-49ba-82bc-11547e90d42c,2020-12-17 03:13:42
267,,,,9ebd72fc-326c-4d0e-90e7-cf1b90e79256,2021-01-03 20:07:39
34,,,,1708690a-9519-4d8a-86d9-c4fd27673b46,2020-12-17 03:13:42
112,,,,75da00ea-a833-49d6-ac6a-37380fc593a0,2020-12-17 03:13:42
36,,,,d29d650d-46c2-4dc9-b882-c3c664dfcbaf,2020-12-17 03:13:42
116,,,,0c28f48b-6504-4f72-9c36-7697305aaf12,2020-12-17 03:13:42
244,,,,39e62bbe-5808-4470-a17c-6e2ee72a1e2c,2020-12-17 03:13:42
59,,,,3a622627-36aa-405a-b28c-2004c6f18bd6,2020-12-17 03:13:42
178,,,,91b9ace3-f8f8-44c8-a649-fe8561ead429,2020-12-17 03:13:42
86,,,,6f1762c3-7c9d-4310-b049-51309b062c9b,2020-12-17 03:13:42
232,,,,e0c09786-ada8-4367-9d6f-fd9423654087,2020-12-17 03:13:42
219,,,,9b179544-1457-4478-9f5b-e72ba474ba36,2020-12-17 03:13:42
70,,,,cf131836-9036-4960-8041-b5797faba57d,2020-12-17 03:13:42
326,Drive again,Walk to the store,,9e39d269-f49d-4a41-a168-e29aa42f1a5a,2021-02-24 21:30:46
328,,,,3b00dae8-ecfd-429c-9ad5-f9d7285ce7de,2021-02-24 02:34:07
126,,,,3535247d-95ac-4aaf-b3b2-c06aa66e0f9f,2020-12-17 03:13:42
93,,,,e842aab6-4150-477b-9a94-d997b8a3e3cf,2020-12-17 03:13:42
204,,,,b6606fad-686f-4aca-83f2-4f7816ec4238,2020-12-17 03:13:42
125,,,,52a5bf74-7b81-496f-8e28-608b6be336a7,2020-12-17 03:13:42
209,,,,f276d017-eea4-4a11-ae4e-3144f8b5dd2f,2020-12-17 03:13:42
555,Improve balance,Improve fitness ,Improve memory,81d56fb7-5883-45b3-934c-ae3d864f5b81,2022-01-11 19:57:27
1249,,,,4ae551b9-d81d-41bc-8b45-4b28853856b1,2023-12-20 05:19:06
573,Reading my emails,reduce my anxiety,eliminate brain fatigue,2fc2e44a-562a-4557-8fe5-8b5bd5b3734c,2023-09-20 23:04:10
171,,,,e9a74c3e-35ce-4e95-8f9f-2579bcd0ae50,2022-10-20 16:29:27
557,Ability to do daily tasks,Organizational akills,Memory /event loss ,3a20f392-71e0-4b80-bb77-412b292ee6a0,2023-08-22 01:37:46
311,Don’t lose my temper/yell at Calvin,Exercise with Max,Be patient with Chloe,5ec37580-ca08-4950-9ec0-971fee8ccf2a,2021-02-19 01:12:55
536,,,,c48e6045-90c7-4ff1-a004-df1487222532,2021-07-02 05:12:54
327,,,,28eeb86f-60da-46d5-9df7-d1921deb616d,2021-02-24 01:13:56
351,,,,f3805efe-6915-48b1-961d-bdbe9f0ad401,2021-03-04 22:18:55
295,Hang out with Zela,Clean my bedroom,Put some clothes away,6e34125c-39d0-410f-83aa-b8a3e5c7f89c,2021-03-04 01:42:02
202,,,,95d9fbc1-85e3-4a46-b144-8eab5d4065bb,2020-12-17 03:13:42
543,,,,72f70829-7bf8-4c9d-aac4-abb937cf6072,2021-07-09 00:38:14
305,,,,a3e1f480-ac82-4c9e-94c3-e616dc0345e0,2021-02-18 19:41:51
155,,,,0a9b57aa-85e2-4ac3-9b34-eaf03fec0c6a,2020-12-17 03:13:42
376,,,,94a49d34-eac0-48d0-8784-580063bb5b25,2021-03-13 16:24:11
20,,,,e4054c7f-496d-4ea1-8205-b7d3a8c3eaa1,2020-12-17 03:13:42
197,,,,9fbe1cc5-cbe3-46ad-a796-e2ebdd190bf2,2020-12-17 03:13:42
13,,,,22ab0bbf-e002-4034-b4c3-16b413023f42,2020-12-17 03:13:42
165,,,,255f8070-9eb3-4822-8033-b93e3b4573bd,2020-12-17 03:13:42
386,,,,764fe00a-2d3a-430c-88c4-f2eea7cdffbb,2021-03-16 01:09:18
151,,,,b9670766-e97e-4e56-96b8-42ada2053da6,2020-12-17 03:13:42
62,,,,9ce2d29e-eb7e-46ab-a39c-b8077f727282,2020-12-17 03:13:42
134,,,,391f16be-2659-464f-aa92-923cf4e08ea9,2020-12-17 03:13:42
55,,,,2ec9bb45-b732-4217-b4b4-8d8c7693a09c,2020-12-17 03:13:42
361,,,,07090be5-41d1-44ba-b62d-2fafeee31cd8,2021-03-09 03:02:12
355,,,,cfccb545-3217-4988-b556-ca8d9980f1ab,2021-03-08 05:16:22
146,,,,11c4a639-002f-4309-ba93-07a5cb240c53,2020-12-17 03:13:42
212,,,,fd144ab9-be7b-41f8-b052-db894a02ea18,2020-12-17 03:13:42
25,,,,e450eafa-806e-4990-a153-349894330a64,2020-12-17 03:13:42
379,,,,2e66aee0-9138-45ce-8bbc-edf3ebbcaefd,2021-03-14 02:25:30
319,,,,878206ea-5dc4-470b-bd20-ca02deed139f,2021-02-22 06:58:02
31,,,,1191f52f-6958-4025-98a0-9df909b132e3,2020-12-17 03:13:42
66,,,,3107363c-1ae4-41c2-8830-74e1ea0b1310,2020-12-17 03:13:42
272,,,,8cc70b4b-010f-4edb-8ee0-2f6eadfbd10f,2021-01-05 17:03:31
312,,,,a2f9ed15-cb83-423c-9e12-e854f370b8aa,2021-02-19 01:13:55
365,,,,7cede063-376b-4aa0-8384-ace6678777d0,2021-03-10 15:43:43
349,,,,0cb16a18-4098-40ed-9d9e-7d5f2549364e,2021-03-04 01:31:21
548,,,,2496b187-a321-4fb4-a670-45f89975bf2c,2021-07-12 10:18:55
257,,,,3d3a8086-ccad-43de-83cb-ddba3591a8ab,2020-12-30 23:16:20
377,,,,321a39cf-4c0e-4e18-b3ec-2ea255997dd0,2021-03-13 21:57:20
368,,,,a8bf42f8-30a4-49bd-a759-aef3aca22f31,2021-03-11 03:20:16
266,,,,282394c3-29b6-42af-b680-5e567a6afe19,2021-01-02 03:35:16
374,,,,16aaa531-3bc7-4795-a45a-8c09ac981486,2021-03-12 22:02:54
537,,,,aecc2e8f-5790-4dd9-a458-ba04cd1a3d67,2021-07-02 11:17:56
227,,,,431cf410-6005-4a60-b061-9a27181281ae,2020-12-17 03:13:42
79,,,,8ebe9780-a2b0-42b9-8254-ebef67eb7758,2020-12-17 03:13:42
51,,,,f2cbde39-82d5-40fa-a060-297e083eb187,2020-12-17 03:13:42
293,,,,8c8fe70a-bb14-48f2-99bb-d9a1f5e35660,2021-02-04 05:22:17
54,,,,69cbc8ef-4a9a-4ce8-b8af-5996750c50da,2020-12-17 03:13:42
250,,,,22359dfe-27ae-4f6d-9076-6a5f14679605,2020-12-17 03:13:42
76,,,,0289e3a9-8564-4f64-9b15-00daab6b2970,2020-12-17 03:13:42
356,,,,6ac10c82-ad8a-49de-8bd7-eb8d140da1cc,2021-03-08 20:02:40
371,,,,9b287daf-5449-4219-aa32-b67e01bfda23,2021-03-11 23:54:39
143,,,,704ca8a8-65a1-448e-9886-ede2e184f58c,2020-12-17 03:13:42
100,,,,3c501a9c-096c-45e9-a54c-70bd7e1eab2c,2020-12-17 03:13:42
173,,,,40fa7035-e66d-4afc-9fdc-eea30d0eb2e9,2020-12-17 03:13:42
118,,,,52b6267d-6329-4e67-88f2-37c115902d67,2020-12-17 03:13:42
284,,,,2509e8e2-61c1-4db1-8dab-d2df582caec9,2021-01-16 10:09:46
254,,,,7ada6ca6-e19b-4d6e-b1d0-53c7c099b4aa,2020-12-17 03:13:42
11,,,,9f2c585d-c07e-45ab-b8ae-736c3e11c12f,2020-12-17 03:13:42
235,,,,f1537c83-7e0e-4519-83a3-eca8f35bd7b2,2020-12-17 03:13:42
343,,,,d6a8454b-c7ae-43c7-b972-436d5dea1b3c,2021-03-03 18:38:06
387,,,,6318ce15-2258-4d61-b82a-f659bf304fa9,2021-03-16 14:16:09
347,,,,08c78b75-b671-4b56-a988-40512461ff36,2021-03-03 23:05:19
69,,,,11143d57-004e-437f-beaf-df04fe9ecd7d,2020-12-17 03:13:42
372,,,,e267efbb-93f3-4d6d-b77b-39a8ed727937,2021-03-12 14:31:50
385,,,,8e61a655-2a87-48a0-90f9-23f705100b0a,2021-03-15 19:09:38
154,,,,0482d393-cd14-444f-a2bd-aaf7506e8e18,2020-12-17 03:13:42
106,,,,4666436a-c641-41b6-84ad-c2e59830757f,2020-12-17 03:13:42
282,,,,d2bb447e-abab-4a81-9164-64679710d401,2021-01-14 16:09:34
87,,,,e2a512a2-79c3-4037-8dd9-00a56a163e25,2020-12-17 03:13:42
316,,,,b350449f-0b4a-4cd6-bc16-cb0475070837,2021-02-19 19:59:17
289,,,,6a1c8dfa-19db-4d55-a2e1-7acb4de46fe0,2021-01-26 21:04:16
43,,,,cce8c10b-40c8-42f1-8f99-eb2999e5d773,2020-12-17 03:13:42
241,,,,e425a8fb-a8c5-4541-bf68-45ea1b0a4b46,2020-12-17 03:13:42
225,,,,7f3a2928-5ab8-46a2-bad5-eb5bdc81f731,2020-12-17 03:13:42
1229,,,,35386cd1-3847-49ac-959f-0ca64bfe5828,2023-11-14 16:56:34
170,,,,f4a82e34-676b-494e-bcb8-24020bd54e46,2020-12-17 03:13:42
140,,,,dd96918f-7c5c-472b-8145-6094cc1f2f18,2020-12-17 03:13:42
313,,,,d771d559-fbc8-467d-96db-b4c9c90265b4,2021-02-19 05:51:37
321,,,,9d182abf-1cf9-4689-b98d-b61d6752a6af,2021-02-23 02:10:48
330,,,,5381e1cc-60a6-43a5-b012-aed5fe525def,2021-02-25 01:23:05
215,,,,668b0592-5e01-45cc-8a5d-79ffb7f7e43f,2020-12-17 03:13:42
92,,,,629b2906-2452-437e-836b-30f8ff5a1ab8,2020-12-17 03:13:42
1,,,,b740cba3-5c26-4677-84a8-53521cea424c,2020-12-17 03:13:42
182,,,,c8690d9d-9f17-4370-816a-01cfc76b9dcd,2020-12-17 03:13:42
39,,,,59ccf04f-22cc-4972-bb74-2862e4bfbbb8,2020-12-17 03:13:42
52,,,,b7911540-9277-4537-9a89-351ef77e7894,2020-12-17 03:13:42
85,,,,8df859ed-26b5-4553-97cf-5f9232996688,2020-12-17 03:13:42
42,,,,e699e62a-87c2-40e9-94e3-056029303f20,2020-12-17 03:13:42
363,,,,208387fe-704a-44bd-bc90-7f77084fc7af,2021-03-09 19:37:35
16,,,,ccc6c096-79c3-44f5-8661-21d8f4e2c5a0,2020-12-17 03:13:42
99,,,,0f46ce16-695f-4ca3-84b5-d0ff0b6395c1,2020-12-17 03:13:42
172,,,,27879d6e-6602-426b-b84c-0f4be93fbafc,2020-12-17 03:13:42
136,,,,c8fa0b54-499f-4b74-b638-3b848a017a7c,2020-12-17 03:13:42
218,,,,e73b4e3e-078b-4e54-9a7f-2893f3e96329,2020-12-17 03:13:42
29,,,,f3a039cc-257e-4947-8a0b-04ff89af1296,2020-12-17 03:13:42
183,,,,7b7030ae-185a-48f1-af61-761ad6a4df34,2020-12-17 03:13:42
300,,,,fba6f8a9-4671-4416-ae57-8c5730f1e166,2021-02-17 20:05:00
358,,,,ffef300c-e163-471f-b79e-aeffdeab6715,2021-03-08 22:49:55
233,,,,050612b3-091e-47d8-98e8-785204755252,2020-12-17 03:13:42
341,,,,eaeca267-50ae-489f-931a-dd7111e7ac41,2021-03-02 21:30:14
109,,,,e7c593f5-c586-4e7e-b884-87ed51313f02,2020-12-17 03:13:42
104,,,,6e6b9b10-868d-4867-b327-fcdeaa2a11fb,2020-12-17 03:13:42
179,,,,4bab19eb-8dc4-4e0f-848d-d3cc7bbbf5a4,2020-12-17 03:13:42
135,,,,b3d164c7-8dbe-4bf8-8045-016b12168f38,2020-12-17 03:13:42
309,,,,b928bfe3-9aa9-4a69-8ea7-2813266071ca,2021-02-18 22:10:52
78,Pick up mail at mailbox.,Mail 3 cards to friends and family.,Stay in touch with brother about Mom.,386e6a15-db2e-48a8-9b2d-89503caa1567,2021-02-10 15:36:07
105,,,,1f863bb8-aeaf-4797-8ccd-d9d6d17aa0fe,2020-12-17 03:13:42
205,,,,c155ae61-b70c-44ed-bb69-4f6c7683ba8d,2020-12-17 03:13:42
317,,,,28fbd761-713e-4e36-8b08-cafed12d4262,2021-02-20 14:00:32
142,,,,4161cd3d-b6b3-44af-a36f-a5f0866f6261,2020-12-17 03:13:42
41,,,,012bfc75-70c1-4007-ab9e-1f4ee45bd537,2020-12-17 03:13:42
278,,,,78cb895c-17f6-4284-8686-2ebedd2843c0,2021-01-11 03:41:38
81,,,,ea2a38c3-ba6e-4604-b707-3147855af518,2020-12-17 03:13:42
194,,,,a472e51b-4056-4d38-be82-45b466336bf1,2020-12-17 03:13:42
47,,,,d4ac1b8e-303f-4b33-8e40-491c9d2ba8d2,2020-12-17 03:13:42
389,,,,edf0a8ac-88c5-4279-9b09-a5d506902415,2021-03-17 00:18:39
124,,,,9de42bfb-b5f4-489c-a139-217b53619246,2020-12-17 03:13:42
157,,,,de4f11c2-3a51-4bbc-b2bd-7cbeca6a0ad1,2020-12-17 03:13:42
113,,,,8c2a5ee1-f746-4b38-a77a-429bd2f2b416,2020-12-17 03:13:42
38,,,,1cab701b-d2e7-485f-95b7-c15f8e0169d8,2020-12-17 03:13:42
123,,,,3bae3e21-d9f7-4f8b-a08f-5de86b70696e,2020-12-17 03:13:42
291,,,,6df295b8-03ac-4016-875d-362ef63639e6,2021-01-29 16:31:41
4,,,,ac60ffdc-f8d9-4825-a358-0546fa71bab4,2020-12-17 03:13:42
310,,,,5a573049-7742-48b8-b3b5-2b2b1a2fd362,2021-02-18 22:55:46
186,,,,e314556e-df88-468e-8c89-9cf82f7dbe10,2020-12-17 03:13:42
288,Publish a book,Animate a drama,Weigh 124lbs,a4d70190-3e77-4f66-9922-ca1d2afd53ac,2021-01-22 20:02:47
213,,,,c6cb80ed-5f11-4758-995f-1dc378e0434b,2020-12-17 03:13:42
138,,,,35c892dc-f42e-44fd-8ad4-3e6287421a44,2020-12-17 03:13:42
74,Saying the correct word,Stopping leg spasms,Exercising,178cbe21-d3ef-48d2-8c18-d6ae00b77b06,2023-05-05 20:12:30
149,walk more,talk less,learn something new,25dfd9d0-e606-4a47-a164-f0c8c36c5a42,2022-10-24 14:16:47
110,Sort through containers ,Organize things ,,33a5926b-283d-48cd-808e-26b44e70842e,2023-08-10 23:02:32
304,,,,338bdcfd-d3dc-49bc-876b-057d05f7acba,2021-02-18 19:34:22
384,my Webpage,tax,manufactre,649256da-6307-40cf-ad72-d87109e1e0a0,2021-03-15 18:17:57
174,,,,af533cd7-e549-4292-abcc-7b6d6ca7a666,2020-12-17 03:13:42
307,,,,15bb747a-5c96-4cc3-8e67-96383dd9e294,2021-02-18 20:37:39
65,,,,c451e234-5e75-43bb-8a40-0486731e365f,2021-04-23 20:21:43
544,,,,70796460-d82f-4ab0-a7de-45c8f36e8fec,2021-07-09 13:57:40
549,,,,a6bfeea7-2b37-4692-8963-1960a15a69ab,2021-07-14 20:50:06
294,,,,c7143c39-e497-4afd-9a17-4572e13a1fca,2021-02-16 18:47:09
32,,,,fbf57423-537d-4746-a171-9ebc099a6c4c,2020-12-17 03:13:42
97,,,,32a9e1f9-0404-4f10-ae1d-326f47fb8381,2020-12-17 03:13:42
334,,,,4acfc58f-0b33-4570-a0ec-0d47bc8b3de9,2021-02-26 23:19:36
216,,,,31f2c9e0-670a-4c51-81b0-24e8a0bce19b,2020-12-17 03:13:42
108,,,,a0b1dca2-15a2-4ae0-80f0-47c1ed78e3be,2020-12-17 03:13:42
245,,,,636f5aa8-6cde-4d57-8078-4c241fd54ac3,2020-12-17 03:13:42
336,,,,356777f2-0bfa-411b-bf9d-101c2b4635f2,2021-03-01 18:13:21
10,,,,960cde30-7a98-4e65-bf3c-6175bbf8d721,2020-12-17 03:13:42
236,,,,be0d1307-f2a7-47f0-8610-ac6b557acfb4,2020-12-17 03:13:42
262,Improve Communication ,Improve Mood Fluctuations ,Improve Focus/Memory,5746d420-7b21-47bb-9694-dd59ca49cfc5,2020-12-31 16:31:41
190,,,,edc236de-d5af-4405-bbb3-d8d2489c1661,2020-12-17 03:13:42
132,,,,92603af6-5408-4576-9128-beaa31ab7c32,2020-12-17 03:13:42
160,,,,78e7dfa8-32a2-432f-bd99-9bbf3046a796,2020-12-17 03:13:42
102,,,,71599994-64ed-4db4-8b38-1b7cd4ec2024,2020-12-17 03:13:42
153,,,,2366d3f1-a8b3-4012-b79c-0fa1d25f3ffc,2020-12-17 03:13:42
279,,,,781db12a-2dd0-478a-8614-056e7602727d,2021-01-11 15:41:28
91,,,,15a244a5-4436-494f-8a8f-c04c397ca24f,2020-12-17 03:13:42
98,,,,32c4458e-7cab-41b0-8410-25cdc8c14846,2020-12-17 03:13:42
84,,,,2c9daaef-99e8-41f0-8e44-f16cb7274143,2020-12-17 03:13:42
24,,,,e7de5f6a-b4fd-429b-a586-583a986ceab8,2020-12-17 03:13:42
71,,,,d9015178-a5a7-4b00-a3a0-3f2af9f0f123,2020-12-17 03:13:42
50,,,,ee60e40f-1820-4514-8668-85166b6055cf,2020-12-17 03:13:42
270,,,,44afd612-7484-4799-b1dc-255fc6322949,2021-01-04 22:57:03
234,,,,89c2ffd0-9b59-4e46-94bc-01b388ee4ae9,2020-12-17 03:13:42
264,,,,63e0c161-3a96-4560-9dfc-8ad66bc9408d,2020-12-31 21:43:42
148,,,,378eccb8-3fc1-42cc-8c8f-b24628cb65b7,2020-12-17 03:13:42
141,,,,2bb4475e-7f93-4424-bcff-f29e770f039e,2020-12-17 03:13:42
259,,,,fc0b352f-9093-4ede-aa3e-6ef48664846e,2020-12-31 06:43:06
49,,,,5c9631e0-8b59-4c83-9785-97803df9a791,2020-12-17 03:13:42
166,,,,e1c0e894-2d1b-41c9-98ed-6ae0ba6d8d38,2020-12-17 03:13:42
152,,,,9d66221c-e437-40c2-9e70-2e634f63cb46,2020-12-17 03:13:42
2,,,,19dc482c-08aa-45f3-9eb4-b1cc38872929,2020-12-17 03:13:42
280,Self-care,Independent Living,Improve Quality of Life,1747ad57-25d5-4e54-8787-ecc970cea582,2021-01-14 07:43:34
353,,,,f32d802b-eacc-4988-b778-9f7306ee432f,2021-03-07 00:48:15
237,,,,5f33f936-d52b-4650-80ac-92d0aca20118,2020-12-17 03:13:42
14,,,,42ce688a-7352-4b16-a586-cbd829ef0de2,2020-12-17 03:13:42
191,,,,964d57fe-458b-4539-8923-53f0f69f904e,2020-12-17 03:13:42
228,,,,54fba0aa-db82-40c4-bc67-00ec37a59217,2020-12-17 03:13:42
175,,,,0ae87da2-db86-42e1-a154-0d2e507da82e,2020-12-17 03:13:42
265,,,,2534a0a6-727a-46c4-ad5c-4e3c90a48da9,2021-01-01 17:37:40
158,,,,89236129-8707-42b9-9219-e9a837047ab8,2020-12-17 03:13:42
362,,,,b309d977-b515-4ce7-997a-02908c4bd9dc,2021-03-09 13:48:42
277,,,,09e5826d-be9b-4765-8e08-fd5b7b5461ca,2021-01-10 17:44:48
129,,,,7423a333-5142-4f70-811e-4a41d1ddcae2,2020-12-17 03:13:42
222,,,,d086857e-4557-4e10-850d-26ed40d845e4,2020-12-17 03:13:42
147,,,,fd9470f3-fe24-4874-9847-f31528ea2f09,2020-12-17 03:13:42
68,,,,c2c8f9b4-2112-4993-aa60-81d94e78bad2,2020-12-17 03:13:42
119,,,,6a3b019b-c05a-45a8-a31c-81a987f913a8,2020-12-17 03:13:42
83,,,,2afa0caa-178a-475a-97cd-71ac4e5a8322,2020-12-17 03:13:42
159,,,,99c3088e-f1ff-4f64-aee0-3a3bbfd03604,2020-12-17 03:13:42
337,,,,b9187a7a-035d-45d1-9bf5-c80b4724f300,2021-03-01 23:25:57
290,,,,afba98c0-fef3-4577-8adc-c774c7ee7820,2021-01-29 00:24:28
19,,,,7d905518-37bd-4606-83d5-1a9720a00d56,2020-12-17 03:13:42
26,,,,efe6c517-dd74-4903-8b6c-f2c8b5505a75,2020-12-17 03:13:42
231,,,,f9f0884d-64f1-4f87-a1ee-7e5ae1c7cafc,2020-12-17 03:13:42
67,,,,6e774404-f9c2-41a2-b7f6-4fab7446da84,2020-12-17 03:13:42
120,,,,8da643fe-9c68-4d4f-83a6-7316d6526bad,2020-12-17 03:13:42
346,,,,5ee78e43-6ac4-4aa7-947e-a4711fa34ecc,2021-03-03 21:29:47
111,,,,9b017798-2e0a-460f-a6df-6507c437e311,2020-12-17 03:13:42
130,,,,70c7299d-7823-4903-852c-db1eaac0a527,2020-12-17 03:13:42
196,,,,d3bbf67d-ef06-44ca-b75a-ec4c78e28803,2020-12-17 03:13:42
9,,,,4214a341-70a6-4eb0-8af5-a6cb21781c92,2020-12-17 03:13:42
150,,,,9afb1b7d-44fa-4b21-af41-9e80a658e109,2020-12-17 03:13:42
114,,,,6ee581b0-fdf7-46f2-b2e6-508e7b8cfbe4,2020-12-17 03:13:42
21,,,,3ab5c7b9-9a3f-4a7c-8c81-9b00451a6ea1,2020-12-17 03:13:42
260,,,,48bcf83a-baab-4828-856d-2cf220290a2e,2020-12-31 08:31:38
243,,,,e5ed1564-7dba-4c7a-b2d8-30533278e2fc,2020-12-17 03:13:42
380,,,,e5143fe9-c213-4dc4-9a7b-39c6c8f77cfc,2021-03-14 16:19:44
89,,,,bd7e1d37-0169-47a1-b0bc-f6f42f4a01e6,2020-12-17 03:13:42
224,,,,9459bc07-72e2-4b46-bec4-5c7a6ffb618e,2020-12-17 03:13:42
217,,,,a01b8aca-b933-4626-8fc7-3d765210ef19,2020-12-17 03:13:42
298,,,,edae5615-0b9e-46d5-aaa1-f34c00e838f2,2021-02-17 18:12:25
167,,,,02bf934e-e733-4ab3-b34b-f960fbee71d4,2020-12-17 03:13:42
88,,,,7c73f29b-463d-47bc-babf-75523b7226a3,2020-12-17 03:13:42
72,,,,09f5a44b-3faf-4275-b8f2-af83439e5715,2020-12-17 03:13:42
64,,,,9d77635b-3fea-4bbe-877d-aa2e18eb2975,2020-12-17 03:13:42
188,,,,4ea80b2b-8540-4ddf-8155-1fa0e539d554,2020-12-17 03:13:42
103,,,,9882e8ed-4e06-4ebf-82b3-c940d7f679a6,2020-12-17 03:13:42
48,,,,0ccae5e4-5fb9-4f8d-9f8c-3c0f8d03a9db,2020-12-17 03:13:42
18,,,,480a85e0-dbfb-4a48-acfc-58aebfcd8943,2020-12-17 03:13:42
221,,,,81323554-04af-4ee5-a1fe-defe688a6062,2020-12-17 03:13:42
246,,,,597e30ec-53f8-41ae-9c04-632231941346,2020-12-17 03:13:42
538,,,,1955bc8d-a797-4acd-bf2e-6b62da47d26f,2021-07-02 11:31:36
366,,,,589863e6-927f-4b73-9d42-445eb17c2bef,2021-03-11 00:35:16
281,,,,d657d846-c438-4ba4-9f5d-3b4a446e31c9,2021-01-14 16:06:46
249,,,,51dff80e-b1b8-40b7-8d8b-9d10e582ceb1,2020-12-17 03:13:42
199,,,,0b14928e-ebe0-49c3-a862-a6d4a4f77350,2020-12-17 03:13:42
303,,,,825fa8e1-23c4-42c1-8deb-b9b63a89dab7,2021-02-18 18:51:40
203,,,,0258aec7-b332-431d-91cc-f317adfce299,2020-12-17 03:13:42
176,,,,a1a9e4b2-83a2-4334-8b73-714ebcabd0b7,2020-12-17 03:13:42
185,,,,7f0bb21d-107b-4336-a9d8-2e011814f8e0,2020-12-17 03:13:42
168,,,,5b1e1a97-ef15-41fc-9050-8b53033b96ab,2020-12-17 03:13:42
177,,,,d5efff9b-a6f7-4c7e-ad25-cbcabfa873fa,2020-12-17 03:13:42
35,,,,5f1450f0-0172-4499-b3ed-192f19a3a155,2020-12-17 03:13:42
344,,,,857ddc90-fe67-4f1f-a33e-674752f5fa5a,2021-03-03 20:36:30
323,Faster Reading ,Faster Comprehending ,,e99ed2ad-d6a7-4b94-ae1e-b55943a41390,2021-02-23 16:26:05
375,,,,aea103da-fcf1-4a81-8b07-bb476164067e,2021-03-13 12:42:11
223,,,,a345f5ff-58c8-4db2-90c4-d7f894d18c61,2020-12-17 03:13:42
107,,,,103ff68b-0326-4910-b361-8d9552c20d91,2020-12-17 03:13:42
230,Get full time job,Job in Music Industry,Songwriting,91b48894-9b6d-46ff-b0fb-124270a72810,2021-02-25 05:34:12
394,,,,34bec42d-1daa-47fc-8a47-d9545ed9a142,2021-03-22 17:47:38
275,,,,8d3e7d0d-1248-4a73-a95e-23081ea51533,2021-01-09 01:10:57
352,,,,5a461938-9492-4214-9633-a920b4d77c7a,2021-03-05 18:35:20
193,,,,bd7d2304-0f72-4b7f-8021-128002f5b904,2020-12-17 03:13:42
22,,,,55472022-7f54-46da-8886-44255270f4ba,2020-12-17 03:13:42
335,,,,7954a09e-3c7a-4532-94ad-840348406acc,2021-03-01 09:56:30
285,,,,3b7afa0c-5518-4e2f-aaeb-cd75d5fa484e,2021-01-17 15:56:42
63,,,,cbeb8430-7884-4e20-99d0-727a96db107d,2020-12-17 03:13:42
127,,,,c9a54df0-d951-48f8-b862-34588d8a19de,2020-12-17 03:13:42
60,,,,c72f316f-8de3-4362-ab1d-2a037af6a080,2020-12-17 03:13:42
333,,,,61033e72-75e3-40ab-8fbf-fb6c8eebeda5,2021-02-25 21:19:19
115,,,,3baf6437-0f53-4685-8278-99d8b3b55692,2020-12-17 03:13:42
3,,,,e071bd35-1c84-4d3a-8a2f-2cc7a9187112,2020-12-17 03:13:42
211,,,,250c8cde-5702-4fd9-9d80-c668573e021a,2020-12-17 03:13:42
256,,,,37d99602-8786-4a30-93d0-24f64fdcc859,2020-12-30 22:45:48
6,,,,2cac7a79-3ddc-4599-9495-02bcd4fc456e,2020-12-17 03:13:42
122,,,,aed7802e-b86b-4ea5-8519-92ddbcfa3257,2020-12-17 03:13:42
296,,,,f4b3dc8f-ba5f-47da-8f1b-61c3928806f4,2021-02-17 11:32:34
261,,,,769ea496-5f76-4dba-b5de-b2fbcee950fa,2020-12-31 11:00:01
80,,,,c0543979-ca04-4630-8fd5-058d49fc4f38,2020-12-17 03:13:42
329,,,,60086aff-0b30-43cd-b646-e3975127840e,2021-02-24 19:22:13
1230,,,,75d09ca4-00f7-4c57-94ff-c229d4965054,2023-11-14 17:06:55
1240,,,,139c272f-515d-4a11-a99e-700cf4f2e1a4,2023-11-17 22:48:24
1250,,,,1a0e8cbc-a196-4f07-942a-4067394eb915,2023-12-20 20:08:19
163,,,,650a18fb-7cf2-4301-9992-dda07479f021,2020-12-17 03:13:42
90,,,,ef5130a7-657e-41cd-b6a1-6ffa075b5a01,2020-12-17 03:13:42
302,,,,15d071db-e5af-4281-bfe4-59300b253d5c,2021-02-18 18:04:26
273,,,,8ab5d6dc-e6a6-4817-8550-cd343a222a25,2021-01-05 19:38:26
357,Weightloss,Better gait pattern,Shoulder strength,f4fbae3f-3b1c-42b3-bde7-86dccb44a421,2021-03-08 22:33:57
73,,,,ee52c4f6-2d5a-4898-af3e-3ef3a18e3206,2020-12-17 03:13:42
322,Run ,Communication ,Memory ,837a29de-18d8-4d09-841f-580071f9b155,2021-02-23 10:05:16
17,,,,2f0e2a08-6325-4273-8c92-085dd1355585,2020-12-17 03:13:42
56,,,,71616081-1ffa-4aa7-8668-d1acd0e4d4c9,2020-12-17 03:13:42
258,,,,16f151d9-c8a1-4781-9a0f-dda825f53e22,2020-12-31 04:52:07
121,,,,5585152b-dae3-4bb8-a649-274e846dd4de,2020-12-17 03:13:42
184,,,,f3e05d33-04e5-4cf8-8fd6-20858501abb6,2020-12-17 03:13:42
242,,,,653e73b7-940c-43b5-95a4-d544fe298da1,2020-12-17 03:13:42
162,,,,a277050c-329b-402d-aead-99c2038908dc,2020-12-17 03:13:42
251,,,,9b58fa8c-fcb2-44f8-b624-dca7e0bae193,2020-12-17 03:13:42
192,new goal,,,c5dcd477-95d5-4803-9413-39dbcc516131,2020-12-17 03:39:13
297,,,,02cf059d-b76d-4fc0-88e3-08980d388db4,2021-02-17 15:54:54
373,,,,e8e5e645-df1d-4dbf-9788-9d24623bd730,2021-03-12 18:38:32
378,Stop apologizing for needing help and express gratitude instead,Try and find ways to remind me what I am doing,Establish a self care routine with sticky notes and alarms and meditate and pray when sad or angry,dcbe19a5-9f9e-4c08-825e-5441e876deb5,2021-03-14 00:12:14
239,,,,92c8809c-5ece-450e-befb-9a33397f5349,2020-12-17 03:13:42
198,,,,d0ac9948-eaa2-4ba2-81f6-68b118048a48,2020-12-17 03:13:42
253,,,,6ac498c5-3a8f-4ec6-8b38-e23379a76a8b,2020-12-17 03:13:42
200,,,,dbf9962d-7705-4c66-8c1f-7cf4c67579d4,2020-12-17 03:13:42
220,,,,ea8f2a72-0a28-483a-9f15-232b191b7729,2020-12-17 03:13:42
195,,,,df781bce-baed-4286-9392-3b7e0a221c8d,2020-12-17 03:13:42
1223,Improve energy levels,Balance when twisting/walking,Increase emotional control ,5619d2ce-64f1-403d-ba42-4b5b807c03c9,2023-11-01 13:36:22
139,,,,fb9974cd-9df5-4451-a87f-a356050572ab,2020-12-17 03:13:42
133,,,,83f95101-7563-4971-a14f-ce976b6b7455,2020-12-17 03:13:42
320,,,,d9e4262d-0506-46d0-a51b-14d63737a1f5,2021-02-22 14:06:22
252,,,,a36b1189-9c7b-4a89-bf77-83c72eaf1318,2020-12-17 03:13:42
28,,,,7e0acc6a-0c0b-4bb9-89d7-16e986cf3435,2020-12-17 03:13:42
82,,,,578e816a-a7a9-4b9f-ab6a-7e7e19ec5fbd,2020-12-17 03:13:42
324,,,,9bbb9762-f00e-4fc2-8e0d-a95211a025bf,2021-02-23 15:22:10
23,,,,8892cbba-0f96-4d85-ace8-96d62711eb42,2020-12-17 03:13:42
15,,,,b20b504b-ee0d-431e-bc3a-65147ad5d585,2020-12-17 03:13:42
315,"Market  \"Power of Patients\" ",Get on only necessary meds,Get on mmj list,910e9572-952f-4dfa-a02a-52588a7bdecf,2021-03-13 19:20:40
206,,,,1e78c04a-5bb5-424f-b348-1180a7ab7912,2020-12-17 03:13:42
226,,,,0f90fbb3-18e6-48a5-91d4-5f2375fbaca7,2020-12-17 03:13:42
314,,,,4315b00a-1c46-4798-b6fd-57bbc6816cf5,2021-02-19 14:55:33
342,Brain fatigue ,Short term memory,Sleep 8 hours,ce31927d-bada-4b38-ba12-54bb7746407e,2021-03-03 05:17:44
187,,,,40ed4dfe-3006-475a-af9f-c5a4fd28f72a,2020-12-17 03:13:42
367,,,,aa1e4c2a-46bf-4670-9597-50bdda9bce31,2021-03-11 01:26:34
101,,,,2262c069-909c-475e-819c-c4737a4c3f3b,2020-12-17 03:13:42
169,,,,a0bf4a1d-9a26-47e0-8cff-54392e13a2bd,2020-12-17 03:13:42
306,Determine triggers of symptoms,See if intensity or frequency is increasing or decreasing,Find solutions,37a44329-a784-448c-a5ca-d9565acad4b9,2021-03-19 22:59:23
1231,,,,99c3bea8-da75-492f-86f1-2a1d98b6390c,2023-11-14 22:03:10
399,,,,417a14f7-b224-4b8d-89aa-4fbb51f630ca,2021-03-24 00:37:20
403,,,,251e92a8-c302-4975-8dad-e141f8736a26,2021-04-01 02:28:34
539,,,,8d865ebb-480e-418d-a7de-8336c24b933d,2021-07-06 15:18:00
410,,,,3260d114-1aba-4e70-bc65-a15fd0b17670,2021-04-11 12:11:01
414,,,,7ad699e9-6df6-48a0-87c1-683a7da30c89,2021-04-15 23:25:05
421,,,,b000c836-732d-4c3f-9f9f-5f23590b852b,2021-04-21 13:21:50
425,,,,d8f97f7d-8720-4c7a-aba8-40b7d2fc4516,2021-04-22 06:00:56
463,,,,54cb5141-0f81-4c4e-804e-1eaef0e08419,2021-05-13 21:47:54
447,I want my feet to stop feeling cold/tingling ,I want to heal and move on,I want to stop blaming myself for something I had no control over ,0c69bb33-c652-4642-aaac-18613b524086,2021-05-05 23:00:27
432,"Seizures, none ","Memory,  much better after HBOT. ","ideations  ,  many",c06a5a53-f8b3-491a-bbdf-b0f837d49edd,2021-05-02 23:48:18
436,Try to not have severe headaches ,Accept my new normal,Try to remember things ,670252cb-c462-4df4-920d-b6813593d793,2021-04-30 04:13:54
455,,,,6758463a-5e54-4bf6-b66a-0676ca4c8b1a,2021-05-10 16:21:57
467,,,,b820482d-79ab-4b9a-b6db-5d9d38753315,2021-05-14 23:28:10
443,,,,023dc8f5-f09f-40a6-b1d4-78dfb483a4e0,2021-05-03 22:00:06
459,,,,56f9428f-38c9-4abb-8855-02ac7cec0588,2021-05-12 03:26:28
471,,,,20609316-b2a2-4d41-87cc-77b17012db9e,2021-05-18 21:53:29
475,,,,00469456-99a5-4c99-aa48-a918986c7c45,2021-05-19 15:27:09
479,,,,0ae54f2a-f1a8-429e-8411-195ec35e833d,2021-05-22 20:36:59
482,,,,f0a8f081-7bc3-4291-b6fd-a88e94ec892a,2021-05-26 18:24:17
486,,,,f07d99b0-9eb2-4535-bfe8-6cd6f0e3827d,2021-06-01 13:25:45
498,,,,480428dd-c576-463c-a005-ff692cc05f4b,2021-06-04 18:52:53
494,,,,1c59da5b-3ae6-4ed6-8699-a91734e795a3,2021-06-03 16:47:44
506,,,,0439d6ad-f9eb-4d98-9244-3d7fa9a6461c,2021-06-07 16:41:43
510,,,,a81917ae-8720-4e15-8084-ae4fcd9e62d2,2021-06-08 22:00:04
514,,,,4237cbbe-ec1d-4885-8b5a-5cfe0e5dc3ad,2021-06-10 16:59:48
528,,,,ae37833c-41b8-4cae-aa12-5dce1fe6a193,2021-06-22 18:23:28
1251,,,,d3ea9032-53d9-4fe4-8f7b-512db20d107e,2023-12-21 23:21:19
599,,,,be526437-8c7d-448b-a464-296adf2134e8,2021-09-29 17:29:32
601,,,,b46f0eb4-e9fc-4b2a-b94e-91b068afec4c,2021-10-01 01:46:16
1241,8 hours sleep,Daily exercise,Daily meditation ,8d1c528a-a582-4736-a727-948964a9a4b8,2023-11-24 03:27:44
131,Healthier food habits to lower cholesterol ,"Get moving (outside, ring fit, bike, etc) ",Train Tessa ,f4df70f7-b0c1-4595-8d4a-ecf6ca672106,2022-01-27 18:06:03
602,,,,2938ce13-85ca-417e-b6f8-84c49b782086,2021-10-02 18:02:12
603,,,,05f90529-9663-48b9-adc4-4ac1a185cf67,2021-10-03 21:39:36
1259,Work on projects.,Less angry.,Easier to get along with.,a9a03ac0-3387-4966-adbf-1a01a32868aa,2024-01-13 21:16:11
145,Weight ,Excersize,Mentally,ae28bf6c-c29f-4de7-b6d5-57c635d94e2e,2024-01-29 19:46:26
607,Get rid of brain fog ,Strengthen neck to reduce headaches ,Vestibular therapy ,3fa3aad7-b7e3-4e7b-8ec1-3f4169b93b96,2021-10-18 20:18:57
595,Determine the triggers for my headaches,See activities that cause dizziness,To provide my doctor with information ,de21e60d-a00a-4e1e-824e-6de7223ff07e,2021-10-15 11:46:41
606,Get back to work ,Get back driving ,Live on my own ,847783bc-eb7d-4457-bbf7-2fa43d8ef792,2021-10-12 20:30:34
1275,,,,75d70f6a-fa82-4b5a-ada8-73c7d1517e27,2024-02-01 20:20:07
1283,,,,66df4275-7a7d-4f87-bba3-f2131a5c482f,2024-02-05 21:20:12
600,,,,59225956-b9b3-4f6b-95e5-e7fb8cea73b8,2021-10-21 04:41:44
608,,,,dd908b91-6e1e-4943-b7f5-62e765360421,2021-10-21 22:10:09
609,,,,05f6ea09-d27e-40b8-bfc5-5f08a52d08a5,2021-10-22 01:47:45
610,,,,715838cf-c0cd-4f46-906c-6d95c87dfcc7,2021-10-25 00:31:39
614,,,,57a6184f-2d4a-46b0-8c58-8e9a71dfc7cc,2021-11-01 22:45:09
616,i want to have fewer headache/dizzy spells,"I want to feel able to go for long walks, hikes, runs without getting a headache",I want to read on the computer without getting dizzy/headache,27084eab-875f-4116-8532-4d139a4e7822,2021-11-03 21:53:43
617,Walk for 20mins with only a 2 point symptom increase ,Drive for 15mims without needing a break,Be able to cook an evening meal ,e4e13ca0-315a-410e-b3e6-59755fe38abd,2021-11-04 12:44:26
619,,,,c71e225b-c6d8-40e5-bcaa-71de79f38a8b,2021-11-10 16:35:16
137,"balance I do not want to fall, HIT MY HEAD & SUSTAIN ANOTHER BRAIN INJURY",strength TO HELP MY COORDINATION,DECREASE DEPRESSION TO BE MORE HAPPY & CONTENT,90bd051d-c980-448c-9b53-8a088dd8a4de,2022-01-28 17:07:22
579,End World Hunger1234567890,"Fix Sallie's voice",Save the World1234567890,f5fffa0c-0ff5-4927-93c8-1c98a12a1e86,2022-01-31 14:37:48
214,Establish Morning Routine,Establish Afternoon Routine,Establish Evening Routine,a450f473-7b91-406e-8503-d7dd474b7aab,2022-08-18 01:38:23
972,,,,da41be3d-d9e6-4361-a599-7cd43745134c,2022-11-04 06:38:03
700,,,,64615723-b600-409f-a048-f0dd84f74379,2022-03-17 14:22:22
545,Stay Positive,Good Attitude,Be Happy,b4122e19-c880-4395-9748-d76e0efd1cfd,2021-11-12 18:51:34
621,,,,363ed49c-1dfb-4660-80a7-b238f72804e4,2021-11-12 21:24:06
622,,,,49654768-a0c4-4df0-94c6-e4d25b4eda82,2021-11-14 16:22:04
620,Build up time on computer work,Get on with to do tasks at a non stress pace,Find the exercises and activities that don’t stress symptoms,28d91aaa-60bd-4e3b-a2a9-1fb658e58d60,2021-11-14 19:39:29
623,,,,9c2aef37-e311-43cb-8d47-8dc3aabbef57,2021-11-16 14:59:36
624,,,,6db9870d-9dc6-44ea-acf2-f8320f52af85,2021-11-18 18:10:26
625,,,,760ab8a6-4856-4ef7-b16f-72afef0c5ca2,2021-11-18 19:31:10
626,,,,6185e85c-0935-44a2-ae5f-d0a3c8fc4e9d,2021-11-19 16:50:14
627,,,,bd60af19-ef5c-453f-926a-35813287c396,2021-11-20 21:51:03
628,,,,743a1ff1-9f60-4feb-aa55-55778a669871,2021-11-22 05:29:51
1224,,,,9e8a2696-eb9c-467e-8110-1d8144aafa52,2023-11-02 01:13:47
630,,,,ba038d69-d297-4199-ac72-f5f98ed9d4f2,2021-11-29 16:28:39
631,,,,e74d1f49-3db6-4c48-bfc3-5803b4d81a63,2021-11-30 17:43:55
632,,,,ee43a5af-4709-47c2-b5d7-d254e79e0c2d,2021-11-30 20:19:12
633,,,,e8e9f889-d7dd-404a-a4c5-a31c45e8d770,2021-12-01 20:48:14
635,,,,60c4b540-cfc9-4fbb-99bb-25b863d998d4,2021-12-04 19:06:52
636,,,,ee276909-2719-4f8a-aa7e-4a196597c7bf,2021-12-10 09:32:33
694,Accurate tracking of symptoms throughout day. ,Gain more information of triggers that increase symptoms ,Find solutions & recover,90e6d89b-ff42-4f0c-a8a7-c23a70b7edc5,2022-03-23 20:33:17
1232,,,,70135cd9-181e-4f8d-9cb2-6e2c2aed382f,2023-11-14 22:08:36
1242,,,,b68e6946-8b57-4f82-9d0f-472811f8c306,2023-12-01 23:52:03
639,,,,021a9277-15af-4478-a493-8bbcfa384219,2021-12-15 20:12:14
1267,Working on my outbursts ,Make new friends ,Write a blog a week. ,efd7682b-adde-4b6f-b2d7-16f50597c984,2024-01-31 19:51:03
1276,,,,e1a791ca-af8e-4843-b29a-648f32bf4c77,2024-02-02 19:05:05
331,Mammoth march,Diet 40 lbs.,Purging & art,5adc5975-8add-47ae-a796-6597d52c7145,2023-12-02 17:37:54
1260,,,,774ed308-41f6-4584-ae75-a834a0bb0482,2024-01-18 18:50:05
634,,,,4c658dd5-f82f-4c0b-9348-c9f450314148,2021-12-21 17:16:19
648,Motivation ,Organization ,Memory ,a0b1fc16-35b0-4675-be7a-a01c75a97556,2021-12-24 00:52:05
649,,,,2fda3f53-d2be-4454-a161-66f27e4d1d32,2021-12-24 04:18:49
650,,,,46c8129c-fcf7-4ba4-bd4d-c4a0e1a9bc4e,2021-12-29 19:54:25
651,,,,e9fb49bb-22ee-4f1a-9df9-26faddd90a69,2021-12-30 10:23:49
652,,,,cdf0f6a3-c9f2-4242-bd6a-70cb7075d66b,2022-01-03 06:43:32
1295,,,,3a4c05f2-1488-45b4-aacb-2f86479f481e,2024-02-22 02:27:43
1290,Get Sallie working on computer,Vertigo exercises,Doctor appointments,6a759401-df14-423c-aa22-c04db942c27a,2024-02-15 12:31:49
655,,,,e14edb54-e63e-4de1-82b7-8c6fd66d4256,2022-01-09 15:14:36
656,,,,7e6010be-8e3a-4c84-8306-3ecf65a354f8,2022-01-11 19:02:24
657,,,,0fc01de3-7acc-4255-926b-19129c2a7d59,2022-01-13 15:43:54
658,,,,81a34e9d-4233-4a65-8803-283b6ed00203,2022-01-17 18:51:13
508,Start getting PAID at my job,"Go to my friend Dallas's new place!","Get better at baking and DECORATING all the cupcakes I make for \"Sarah Bellum's Bakery and Workshop\"",5009a668-252d-4063-aedc-f79a02d69918,2022-01-19 02:42:42
659,,,,bf39fa2c-1b20-4c2c-b157-d27834b9757a,2022-01-19 23:54:31
660,,,,65eab63d-8093-4954-9685-4388ffc28330,2022-01-22 18:24:14
661,,,,3aeb1794-e286-4436-83ae-dec037a62aa1,2022-01-25 15:52:33
662,,,,24f4f69b-763a-49f7-b10b-46689397b437,2022-01-25 16:33:14
663,,,,bf5cbd14-6b55-4996-8cf5-bf0f4b4ecbf4,2022-01-25 21:41:47
1301,,,,06ffcad1-b7d9-4486-a2bb-57ca771aecc8,2024-03-11 09:58:34
665,,,,cd9c85ca-5fb0-4ea7-a0f2-dc3a293766e2,2022-01-27 00:28:19
666,,,,d11383d0-843e-4645-b156-11e35034f4a1,2022-01-27 01:36:15
668,,,,14309f3f-b672-4138-aa74-84da61789817,2022-01-27 21:41:33
1305,,,,8a7cd86d-5abe-4492-a953-5293703d3698,2024-03-20 18:15:29
670,Work towards getting good brain health habits,,,637fbaa8-0942-4d30-8b3c-9d0bbc6f8bf6,2022-01-27 23:01:29
706,,,,0bb17641-f393-4f4a-9442-6a7f0ab6ea85,2022-03-25 04:46:17
667,increase focus and efficiency within cognitive functioning,improve overall mood and mobility,walking without a cane,d52d31c7-4933-4666-b136-d2220f87c04b,2022-02-01 15:45:15
591,Eye pressure and head pain,Neck pain and nerve pain to hands,Hip pain to feet with nerv pain down leg,35a8dbb4-0af7-4b65-b1a1-94c1190f436f,2024-03-28 23:20:15
672,,,,6fbe186c-543b-493c-819b-8adde16e85b3,2022-02-06 15:56:17
1313,Less Fatigue,Improved Swallowing and Breathing,Less Thinking about work,fd5a214a-b8ef-4c04-9556-0bf0fe32f12e,2024-04-08 18:12:25
701,,,,596649a9-5dbf-4263-a3c1-ce043e67b372,2022-03-17 21:16:50
673,Feel better,Think clearly and quickly ,Communicate better ,14a71a6a-feab-48a7-9358-34a29d756f8d,2022-02-09 15:00:49
674,,,,6cb8d846-09e0-455b-9037-e14daee0b8f0,2022-02-09 19:53:39
675,,,,01cf90d6-4f6d-4a34-942b-3e43f9645c1f,2022-02-10 20:16:42
702,,,,fc893611-e3a7-4a85-a454-653a611ca5f9,2022-03-17 21:35:30
676,Exercise 30 min 4 days a week,Connect with friends x 3 weekly,Sleep 7.5 hours a night ,37ef0a6f-1877-40c7-8bf9-07b831397337,2022-02-11 06:15:30
1317,,,,b69c902c-e1d7-4fe6-b56a-237fb1aa8d87,2024-04-20 22:20:40
703,,,,c273c15d-ebbd-4b41-8bc1-a7e6780784f3,2022-03-19 00:05:25
679,Become aware of condition triggers for irritability/mood sings,Help with Tracking Headache Trends ,,ea2ce524-e89b-4df1-884b-db9a2aab75fb,2022-02-15 20:12:14
680,,,,2320a2c4-b515-48bc-bb35-820bb94792cf,2022-02-17 04:17:55
681,,,,0b325a51-563e-4c0a-b840-7b71aa4490df,2022-02-18 12:59:17
682,,,,828af70d-f036-48c7-bec6-fa6354a04d07,2022-02-18 23:53:42
683,,,,db0f5740-e503-4afd-9227-58e5a1226038,2022-02-19 05:54:59
684,,,,b0afa623-f89f-4b9c-97c6-8695abe18bb9,2022-02-21 16:09:48
685,,,,c23fd579-e694-4926-a674-61f6305b9e97,2022-02-21 18:05:30
686,,,,ebe225a4-b1a9-44b5-9225-fba42b785822,2022-02-22 02:52:23
687,,,,0335b765-7448-459f-b665-6e79e8e41218,2022-02-22 15:37:22
688,,,,89d76bcb-9341-44cd-b21c-994545185bba,2022-02-22 19:37:48
360,Brain Injury,Weight,Diabetes,740edc44-5b14-4ac2-a233-2b08edc0107d,2022-02-28 20:09:28
691,,,,89572264-c5a1-4ece-804f-e56f977f24a8,2022-03-01 00:11:17
689,,,,bbb29665-455f-4540-b830-71aa390dc449,2022-02-23 07:28:19
704,,,,e565c22e-f423-4f3f-a3b0-b7002443f2f6,2022-03-21 18:41:04
707,,,,6d5b04fa-f778-4fb9-a5ea-164115f395aa,2022-03-28 19:00:34
690,Garden,Intarisa,show love for Sue,43035ca3-f178-4e72-973d-4da5be16bb2e,2022-03-01 14:42:20
692,,,,c32d29d6-1dbf-46dd-8ae4-4629a4f080fe,2022-03-05 00:13:10
705,go back to work,travel,loss weight with lots of exercise,94a5f7bb-bdf1-4fd8-ba8e-5a7e34674980,2022-03-21 22:57:46
712,,,,d964b3fe-5cc3-40bb-b656-e2e6c5dd3cf0,2022-03-31 19:50:48
1321,"I want to be back to myself but I don't know how to explain that.",,,b6cd5c6a-345e-4c9c-bdeb-ed30dd410cba,2024-04-29 17:23:20
693,,,,ec782675-62c6-45e8-8d3a-a2e1baaf6732,2022-03-09 02:58:10
695,,,,7de21a7a-d489-47a4-8106-794bfca63b7d,2022-03-10 15:39:10
1325,,,,15be236a-e821-42c1-b71d-423cdff27778,2024-05-05 13:23:45
697,,,,74eeae3e-c15d-4270-9eaa-c57d710c59e7,2022-03-14 22:07:24
710,Keeping him engaged in life,Less TV,Better eating habits,6e778353-5e5c-4d50-ad1a-acff6bf68df5,2022-03-30 16:44:11
708,,,,d67f859a-2b82-4f49-bbd3-13f8234f8cb1,2022-03-29 12:29:59
709,,,,907a8c23-0d6c-44aa-89c6-2ea7be93ce94,2022-03-30 15:45:22
713,,,,feb1c878-cd59-499f-b29d-ec57cbbd23f6,2022-04-02 19:58:48
711,,,,fb88415f-922e-4e59-ac43-054917fe6d95,2022-03-30 21:23:58
553,"Feel better physically, mentally, emotionally",Better Executive Functioning overall,Regain my energy and resilience,314203d7-2d4d-40b0-945b-08b8714bcd85,2022-03-31 01:05:56
714,,,,c4e012a6-4bb5-43d4-bd4b-5394de44c248,2022-04-10 18:33:07
715,,,,656c58d9-d994-4603-9af5-45d68236b56a,2022-04-13 02:54:24
716,,,,a7a91dcc-377b-462c-89f4-dc776ac667d0,2022-04-15 17:26:09
717,,,,fb80556f-9ffa-4298-8414-dd97232e44e5,2022-04-18 19:12:59
718,,,,eab091fa-7e8b-4735-96e4-bbb882528665,2022-04-19 19:46:06
721,,,,f20181d8-5f8d-4d6f-8081-e3c60b043ff1,2022-04-20 21:24:18
722,,,,8a54414b-a5a8-4511-bc73-8364f5db353e,2022-04-21 09:50:06
720,Organization & track symptoms ,Website updated ,Catch-up correspondence ,3a54f104-433b-4b0b-b7c6-33e18349ca70,2022-04-21 02:16:10
723,,,,494bbaca-7c6a-4c0d-93f3-15b5e6152275,2022-04-21 13:10:19
724,,,,8943136a-63d4-401b-a64e-12239178ee4e,2022-04-21 23:38:02
725,,,,364396bc-c411-4cec-ab1a-6950743e161d,2022-04-28 19:53:38
726,Less stress,More encouraging so she can get engaged ,Less manic time,eeefbf3b-6024-4f99-a604-9213e6dba9c5,2022-04-29 00:01:08
1225,,,,bb39b4b4-089b-48f2-8dfb-dac370f84cb2,2023-11-03 23:58:09
728,,,,0b475bb5-8639-4c5b-8e45-b0ac975f6355,2022-05-06 14:22:21
729,,,,25e8d4ae-e521-4c2e-8577-78cb708cee95,2022-05-06 17:14:56
730,,,,8b606bc8-d964-48aa-91a1-93c6621530b8,2022-05-08 01:44:59
731,,,,0e15e7a0-9036-473d-94a8-0a3a650fb79c,2022-05-08 02:19:21
1233,,,,abf91e53-66ce-439c-b21e-5635f7f0fcb6,2023-11-14 22:12:48
1243,,,,b48bd08e-975d-4c33-bddd-9ef545e9b022,2023-12-06 15:47:49
734,,,,707404c1-e570-4a4c-8886-7667ffe13b84,2022-05-10 18:28:38
735,,,,aa21ab55-17e2-479f-883b-e4b6640fca39,2022-05-11 00:23:38
736,,,,029b2170-658d-4bd2-ae9a-a263ff919424,2022-05-11 19:41:47
1361,,,,2dc52b51-e64f-4432-ae58-0df639c90f0a,2024-06-02 15:01:11
737,To engage with 20 clients/paid events each week,To socialize at least twice a month with friends,To spend time with my daughter in person at least once a month,25b35cbe-9c63-4367-b206-66c039dfaa17,2022-05-13 20:47:22
738,Organize Farm House,Organize Town House,,992ab2a6-043d-4357-9c70-608ce3853363,2022-05-13 22:51:43
739,,,,b72a1f6d-522b-4862-a085-a8581206412d,2022-05-18 20:37:17
1364,,,,d2827b0c-cbe4-40d1-b76c-3f19c71e5714,2024-06-02 16:20:43
740,understand where/what/when triggers occur,find peace in better understanding of what is happening.,live happier,a1ebeedf-1028-42f8-9523-5ac226c328c5,2022-05-19 03:47:46
741,Sitting straight (not leaning to right),,,5540da01-079d-4621-8b0a-4a1ef3f6fc88,2022-05-19 05:25:21
1253,Try and return to somewhat normal,Focus on family and the things that matter to me,,62e38ed1-73aa-4edc-be97-2ca73df45736,2024-01-03 18:18:36
1367,Performance of daily tasks/job,Alleviate Brain Fog,Advance Resiliency,68e6a50a-d9b9-4852-b578-67be9dba775f,2024-06-06 18:54:50
747,,,,199625c0-d841-4c2c-bb2e-66ef733182ba,2022-05-24 03:01:58
1261,Improve focus,Reduce anxiety,Eliminate headaches,0420edaf-8ebd-4cd2-aebb-37f3fe71c4ee,2024-01-22 19:18:39
1268,,,,7edac5e2-3e53-4933-8e39-9fe71fbc96ae,2024-01-26 20:55:30
1277,,,,4a31aa16-1037-4fec-a989-16238cb7daf8,2024-02-02 19:40:26
752,,,,a993f149-c61e-4598-9aab-65b52c7c4353,2022-05-25 20:19:49
753,,,,315ce0a5-6ed1-40af-95d9-2401ebab6993,2022-05-25 22:17:53
1285,,,,33d74b4f-31f4-400c-8185-72da90b80104,2024-02-06 15:40:26
1291,,,,f569c474-69da-4b35-b8dd-1d7fa87a1e78,2024-02-15 03:18:45
1296,,,,e059ef6f-889d-47d1-abd2-064453e1d013,2024-02-22 20:18:08
1397,,,,a6311472-5651-446d-9469-43fc2f25b810,2024-08-16 00:13:44
1369,Improve focus,Reduce brain fog,Eliminate headaches,f289be73-b370-45f6-a684-14f2690880f5,2024-06-11 21:23:14
761,,,,f62f568f-1504-46cd-85a8-def92bc9ea0a,2022-05-28 14:09:52
1306,,,,764d4fc1-699e-473b-98a7-98cfd3b6b12a,2024-03-20 22:57:20
1307,,,,4471257f-7b52-4278-9654-e56cab633e67,2024-03-24 00:09:48
1310,,,,4d12b13b-8874-42ef-8c02-3410ad2ea4a4,2024-04-03 19:47:33
669,"Apply for a Service Animal that I already have a prescription for since 2018, 2019, 2020, etc",Not staying in bed for an extended period of time regardless of symptoms,Pituitary Gland evaluation completed,b4915d04-deb7-4dba-a228-d9692f380522,2022-06-01 16:01:29
1314,,,,b7f3017c-b4fa-4a6b-849d-efafc527748e,2024-04-09 14:41:54
1318,,,,554aa6eb-cbf8-47a1-9f28-c0bb1eb07df0,2024-04-24 16:10:26
766,Better sleep awake schedule ,Increase screen time to focus on work ,Improve headaches pain management ,dd951c04-aadf-4cb0-af4a-30c545080053,2022-06-02 15:23:22
767,So I don’t forget,Progress my care,To show that these things are happening ,e9e7731a-5fb3-4397-89e5-34a49117ee31,2022-06-06 02:12:48
768,,,,6f1a1823-3feb-47a5-adda-c462f1b05073,2022-06-06 07:47:07
1326,,,,176ec9f2-1445-4557-8817-5cfbc667648d,2024-05-05 13:24:55
1330,,,,c03ae0f7-dd47-4b80-9493-a05a4868e5a3,2024-05-05 13:34:34
1338,,,,799cea08-69f7-4c43-ab7f-6b5b8d02c727,2024-05-05 13:46:22
1341,,,,7dfbfc3f-875c-4ab3-a47b-16078b41e581,2024-05-05 13:46:50
774,,,,09f0eb88-e7b7-46e7-afa4-5dd06c0dedaa,2022-06-07 21:11:02
1344,,,,2968e313-ab7c-41ed-b667-790b134a8996,2024-05-05 13:47:42
1347,,,,4547a936-6852-4ae8-978d-8d1229857787,2024-05-05 13:49:04
1350,,,,e451f98f-6d09-4a71-96d9-6c22fd00eb28,2024-05-05 13:53:29
1371,,,,0b67fc19-aa94-4ea1-a7b3-859a9db3ed2d,2024-06-17 00:46:54
381,Be aware of how often I am struggling to find words in daily converstions.,Find out if Fatigue/Exhaustion is easing or growing.,Eat healthy foods and drink enough water; DAILY,e8802967-d3da-4203-b5f8-f330d3a7c48b,2022-06-09 00:30:58
777,No to minimal dizziness x95% of days,Be able to work with no to minimal symptoms x95% of work days,Be able to exercise and complete leisure hobbies (horses) with no to minimal symptoms x95% of days,834f7edb-8ec3-4e2c-83fc-b42d6ffb433b,2022-06-09 01:03:14
1333,Go back to school,Reduce Headaches,Be able to drive without flareup,1b00f3d0-fe4c-41b1-ac77-698914234da3,2024-05-05 13:56:00
775,Walking with cart to support my back ,,,0006ad41-c2d3-4994-8aab-7a3a107d50aa,2022-06-10 17:12:17
779,Accomplish work. ,Accomplish list of tasks. ,No longer have light sensitivity. ,1e5c1bad-59f5-4f79-9770-a4e968125ddb,2022-06-13 01:01:15
780,,,,fce53830-6bb5-4736-97a4-ada0d30e3244,2022-06-13 12:47:12
1329,Reduce fatigue,Reduce brain fog,Reduce headaches/migraines,c4b4e3f2-c831-4868-a96d-e319a129aa32,2024-05-05 13:58:50
802,,,,24e33669-e53b-4d93-8ab9-66a1d04139c5,2022-07-06 16:56:23
786,Measure how often I get dizzy or have vertigo,"Prove I'm not crazy! ",Reassurance and Motivation to continue HEALING!,2bf909f7-44eb-4233-8668-0e03cf8c5fce,2022-06-15 23:57:16
1355,,,,acf46811-b261-44b7-886e-5f12e3ac3db6,2024-05-06 20:05:28
1358,,,,85951fce-37d6-4454-a562-b3e5b127c149,2024-05-20 12:23:51
1374,,,,3dba5278-64a0-47d1-adab-0f9d7772a3f6,2024-06-26 16:40:55
1376,,,,d7cba469-8fde-4266-a8f4-f363e699fa36,2024-07-10 15:18:21
1377,,,,318c9f66-3daa-4632-9c5c-77aac0fcc547,2024-07-12 00:27:07
792,,,,08c2416f-397a-4bfa-b71b-a9c041c8309d,2022-06-18 17:48:06
1379,,,,4a941b7f-fcb0-4046-bc28-660967cf48e1,2024-07-22 16:49:16
1381,,,,231bf375-ddc4-4606-9ef7-269e157a7407,2024-07-23 18:55:03
1383,,,,297d2e33-e538-4d38-b71c-735ac72e8b8a,2024-07-27 18:57:16
804,,,,48e3862d-d5ee-4f03-80ac-c8c9794fdb0b,2022-07-09 21:37:19
805,,,,90b514d8-5891-4f58-ad94-1b3f3d46f466,2022-07-11 06:17:59
806,,,,57c077d1-7a7d-4593-8e28-af2d372d8328,2022-07-12 16:12:24
1385,improve finding words,talk more to others,,a481b46d-788a-4ff8-955f-bec6fac5eb03,2024-07-30 17:05:27
1387,,,,1f6e36f7-b511-4e32-bbed-deeaa4a4a340,2024-07-30 22:08:10
807,,,,8b9b5783-1fda-4a1d-b2be-98514effe095,2022-07-13 19:15:15
1391,,,,d0c9edd3-e5ff-49b9-80f2-1c12a882c387,2024-08-01 00:41:57
1393,,,,dde1366f-e365-4940-816b-b1e2c73b8605,2024-08-04 16:26:22
1395,,,,99d10fc5-d5a4-423b-8336-286ccfae0ddf,2024-08-13 19:24:02
1399,,,,995ef1e6-c792-4aa8-8e4c-027f5d501668,2024-08-19 21:58:34
1402,,,,8879a808-f2d2-47b9-b168-290dbb09fb98,2024-08-27 18:42:18
1400,Find what triggers seizures.,Try and minimize migraines if possible.,Learn about what’s going on with my brain . ,bb8e0677-ddc8-49dd-be08-ab6f10ad43f3,2024-08-28 11:43:35
1404,,,,79956e65-ef31-4eff-8f6d-fc989968f09e,2024-08-31 14:59:20
1406,,,,3c466436-81f7-4dbf-9a1d-e52671d1322b,2024-09-01 22:49:17
816,,,,4f5fd924-6627-4a47-86e6-b03f9d923b1e,2022-07-18 17:27:38
1408,,,,5376b70d-4bb3-4002-ad17-abc932e25adb,2024-09-05 13:09:43
1410,,,,790a1414-f2b2-4320-ab27-3c399a6f19a3,2024-09-06 13:21:41
820,,,,24372dce-6a47-419b-9f55-206a7d9cf031,2022-07-19 15:18:17
821,,,,3c919021-0a89-4419-9354-e8cb2a78f071,2022-07-20 23:06:24
822,,,,3a38c08f-6ca1-40ab-98fa-779542c066ab,2022-07-21 21:04:34
1226,,,,c144f079-6e9d-4b76-a03d-13e7d097f17c,2023-11-07 17:36:46
835,,,,faef45e4-43dd-4599-9c4f-f80930d033e0,2022-07-25 23:57:29
1234,,,,ebc75c78-0902-4f21-a0f1-4c153399f8df,2023-11-14 22:17:05
1297,,,,8a774233-0b05-4daa-b5ce-766f41d66ba8,2024-02-23 00:43:07
1244,Manage anger ,,,e1a88b87-9b5a-416f-9d03-f52126b45448,2023-12-09 05:08:19
1254,,,,d3194de5-68a9-4025-8528-3f12ba4d33b5,2024-01-03 20:05:16
1262,,,,6df65e36-ddf6-4202-8795-88cd61d8f266,2024-01-23 00:53:51
842,,,,1152307e-e885-4b1c-9986-09d5bb09be96,2022-07-26 19:38:41
843,,,,246fcf12-8b9f-43e3-aaec-968e8409c901,2022-07-26 21:00:50
844,,,,87dc1459-bbba-448b-bc89-9c151ffabc0a,2022-07-27 00:15:27
845,,,,6868019a-65e7-49db-9fe3-3a240cbaa709,2022-07-27 08:26:35
1269,Manage symptoms,Control emotions,Learn ways to cope,6d109fd6-5138-4348-b82e-b5cb47d23d24,2024-01-26 21:35:52
848,,,,753b593b-7672-41c9-9c42-520436491089,2022-07-27 21:26:11
849,,,,481cde15-9cd0-46e7-acc0-7a64ca8d032b,2022-07-27 21:54:20
850,,,,1d6bfafd-9ee3-4d19-a021-04d1a2592892,2022-07-27 23:07:45
852,,,,d396d329-e40e-4e64-a333-89dc0e42bcf3,2022-07-28 14:59:30
853,,,,fa92b334-22d1-4722-866b-1ae34351d4f2,2022-07-29 17:08:30
856,,,,fb784f62-923e-4fde-adab-1c9ccd69581b,2022-07-29 18:36:43
1302,,,,cf6f1dac-edec-4aed-9aab-c376d790bf69,2024-03-14 22:44:19
1322,reduce screen time,,,54202dea-5109-4ccb-8a5f-3e601827fbcb,2024-12-17 15:33:22
696,improve short term memory,regain vision and hearing,improve concentration,1ba40009-06c2-4ef6-912d-89123343015f,2025-02-03 15:57:15
855,Continue with cognitive exercises,"Remember about \"spoons\" and recover.",Walk or exercise on most days.,65e806af-2250-4a09-b955-4ff23f877567,2022-07-29 20:07:32
854,Defuse my debiliting neuro fatigue,write on book on my story,start as a inspirational speaker. helping others,f4d3ebe5-dc25-4852-b0ac-74bfb57d8475,2022-07-29 20:54:55
857,,,,31f331d1-fecb-46e7-82a3-02ee80e09204,2022-07-31 03:25:32
1278,FIND MENTAL HEALTH DOCTOR ,,,42e26b6c-8848-4b7c-9f42-b89c4e304cbb,2024-02-03 18:42:16
1286,,,,ba1aa730-361e-49d0-8d00-02a1a02156bc,2024-02-07 19:15:56
833,"Track migraines, level and frequency and what preceeds, track memory fades, trips","Track ear pain, tinnitus and sinus symptoms, mood, energy, with activities","Track fluid intake, watch kidney measures, new info learned",69fedefa-7447-4b58-8bc7-ef1ee7fbeac9,2024-02-08 12:09:23
861,,,,9c6384da-8f1e-4d57-a278-92d3d3df8cd9,2022-08-02 19:20:21
862,,,,c875dcbf-4d7f-4752-8ff3-8dadb0b8ef98,2022-08-02 20:38:32
863,,,,8091f9d1-f5aa-49dd-a1e5-61ecf3afc01d,2022-08-02 23:05:54
866,,,,35fc5b5b-0edd-4a3d-96ac-e1ab71ca0543,2022-08-03 21:17:42
1308,,,,a94aa939-99cd-4807-ae13-0b282b51d0ae,2024-03-24 14:52:05
1292,"Morning routine, 7am alarm, meditate up by 7:15, including 30 minutes lite cardio, meds, shower, food.","Night routine, brush teeth, magnesium, Lights out by 10pm","Mid day routine, meditation, pt exercises, yoga",4d019a49-1d1b-4c9e-80f5-042242861fdb,2024-02-18 04:32:18
1311,,,,7294894b-8ca5-4c0d-9470-f3d814dea2ee,2024-04-05 01:58:36
1315,,,,b7386c17-44ee-48bd-8350-8250e56e9750,2024-04-14 17:46:20
1319,,,,f5375444-0df5-4e90-ac57-47d46d349870,2024-04-26 00:15:31
865,sleep 4 hours,,,d0ab7e3c-551f-47cc-9df7-30f769f47be0,2022-08-08 16:57:23
1323,,,,bafd2e33-1a8e-45d3-9a57-9bbffb33fce6,2024-05-05 12:23:09
873,,,,774acab7-abee-4563-b5da-3ee1507c0846,2022-08-08 17:42:55
874,,,,74ef6fa2-a4cf-4db9-9489-9eda0a15dc56,2022-08-08 18:21:39
875,,,,3377005e-d2fd-4082-a005-5aacdd27b3d7,2022-08-10 02:15:19
1327,,,,fba4fa47-0e73-41d2-9978-6adecce16b8f,2024-05-05 13:26:46
1331,,,,fd6392ce-544f-4248-bf6a-9d9e454c8dfd,2024-05-05 13:39:02
1335,,,,03da306d-9c5d-438f-8aa6-910eb27a9ede,2024-05-05 13:45:22
1339,,,,7f87cff4-467a-4f39-bdb8-6ceb81113c1e,2024-05-05 13:46:41
1342,,,,b9c204d7-fab4-4078-a534-2cdf1638174c,2024-05-05 13:47:06
881,,,,c3bcca6d-a0a2-403a-9e44-f31258a7f6d4,2022-08-12 15:04:39
882,,,,216d3dc4-c4f8-4c8a-8603-7d7dbf0934bf,2022-08-12 16:54:20
1345,,,,641f2a4d-57cd-4c2b-b4f7-3f2cb5a20227,2024-05-05 13:47:47
905,"To manage hypertension, so I don't get a sore stomach",To start working again part time,To ride my bike outdoors in 2023,6a0c34a0-7ba4-4874-84c2-9734118d0c3f,2022-09-21 19:46:02
1348,,,,f6a02ab0-947d-4eae-b318-db111a523643,2024-05-05 13:52:12
885,Find patterns and triggers,have lists for doctors,learn about myself and how to control symptoms,8665ada6-c0c8-4c32-9405-e9b7a8f80577,2022-08-16 15:11:39
1351,,,,3108631b-48f5-464d-b511-27ad9bd5b2ac,2024-05-05 13:57:06
1353,,,,8a49f7cc-e50c-436e-9b45-166506cce1e9,2024-05-05 14:13:17
886,Tracking over stimulus ,Emotional well-being ,Appointments and how they correlate with stimulation,bb4a14b3-7607-44e9-b65f-d7d4dec5f521,2022-08-16 17:20:08
883,"Drive without symptoms, day or night, long or short trips",Return to work full-time,Learn to either overcome or work with cognitive deficits,435ab541-fe3f-4939-8123-01339b31b102,2022-08-16 19:11:12
1356,,,,ab4a90c2-8f39-43fd-84e3-b2f5ca56d40a,2024-05-06 20:55:58
1359,,,,3b63eb57-f763-4938-a759-7d9603e23ec7,2024-05-27 01:52:41
1362,,,,e8c384f8-cfa1-463f-bb56-38c04ce92c6e,2024-06-02 15:06:30
1365,,,,1726308d-9e6b-4c7b-a0dc-feb60d1e50be,2024-06-02 16:21:26
895,,,,9eef35a1-76c3-498f-9e82-2cc5786eec7b,2022-08-29 17:53:10
900,,,,29a33a41-ceb2-4494-852f-26b7377ca37d,2022-09-07 19:17:49
891,Recover/improve eyesight,,,d69a33ef-fe41-4442-80f6-ba93e01aa78e,2022-09-08 23:24:44
902,,,,9041bdd3-cf20-4ea5-a4f2-3f5dd5dd8de2,2022-09-13 02:15:34
903,,,,2413f6a8-2589-442a-8cd7-07256b8ba5b1,2022-09-18 15:40:46
922,,,,66586473-eebe-4ea3-8ba9-d99a9a549007,2022-10-09 20:42:18
909,Track data to help identify triggers,Work on controlling migraines,Identify if brain fog/word issues correlates with migraines,9bb9fc04-9cc6-415f-a381-ddca289367cf,2022-09-23 17:33:34
926,,,,e983d07a-716a-471c-ab83-d20192e3e280,2022-10-10 20:19:29
910,try to start unpacking ,start doing art,try to start addressing the unfinished projects around the house,f8f04660-4a23-4701-98c1-a1be942abbd7,2022-09-23 18:13:24
908,Want to recover ,For my children not to worry about me,Same,1eaca131-cd7f-4954-a3ce-262cacfa8390,2022-09-23 21:48:05
944,,,,7894c45f-3551-42f3-b52b-be6401fde719,2022-10-15 18:09:03
911,Medication ,Exercise,Shower,9aa4a69e-188d-4501-8482-55663ceb99f8,2022-09-24 15:21:16
912,,,,a788c975-548b-45f7-8f83-36f51c1edd4a,2022-09-24 22:14:55
913,,,,360e690b-df1a-4f61-bbfe-3b1924defed3,2022-09-25 23:40:31
914,,,,5048797d-7b8a-4fdb-9a14-390c815cd74e,2022-09-28 23:50:02
945,,,,efdb74de-fd5c-4f1f-9702-eadbcadacbbe,2022-10-18 16:17:05
946,,,,13b679c3-e235-4a04-a2e1-0218db8c7632,2022-10-19 02:47:32
917,Reduce Intense Pain,Research Resources,Participate in Activities That Reduce Pain,86890771-92d0-49ab-86e6-3dbc50cea083,2022-10-11 01:14:36
40,Manage Chronic Pain,Manage Chronic Fatigue,Pacing,e8a94a1f-66ee-4481-8844-5ab6a067e368,2022-09-29 18:00:53
915,,,,a73c043a-59d2-4ec4-9de1-1b99517bc22d,2022-10-03 19:53:58
916,,,,6508f277-d031-4fbe-95a6-165e8d61e802,2022-10-04 16:15:05
927,,,,615148ca-0ea4-4cca-b576-adb2a682da78,2022-10-11 20:03:29
928,,,,9baaf909-f6b8-4c12-be0b-5f302184e334,2022-10-11 23:20:17
929,,,,d609159e-2b88-469f-af60-08843f382372,2022-10-11 23:21:52
932,Journal,Gratitude List,Take meds,6ffda7cc-03e5-48b6-b70f-1089ba812486,2022-10-12 09:20:42
939,,,,cd174d1c-a52b-4a35-837b-da360aea7825,2022-10-12 19:18:05
940,,,,5135a34a-a8cc-4eb4-ac77-ee973476fe5d,2022-10-13 16:38:58
941,,,,315ea026-11cd-453c-b7aa-b100c8a565f0,2022-10-14 01:13:45
942,Eliminate water retention & thyroid symptoms,Pass exercise test,Improve slee = good REM and reduced  restlessness each night ,f802ee3a-46cb-406d-97a3-306cc35630da,2022-10-14 18:34:40
947,,,,f218e828-ca8f-4141-9de7-cd561e481ccc,2022-10-19 12:33:57
948,,,,91caaba9-1e82-4a98-aff8-a132951c6d66,2022-10-19 13:38:27
952,,,,cee5b45d-e6dd-439e-8aee-b22504c7bc01,2022-10-22 07:44:01
957,,,,39932e42-400c-4e93-a11d-d5734ef7e5d6,2022-10-28 01:12:16
958,,,,5483f326-f2da-417d-a0be-3d51ce42f1e3,2022-10-28 16:44:01
959,,,,8c001a5d-87eb-4564-b8a4-de71024596bf,2022-10-28 19:48:08
961,,,,157ebe88-a9d4-4d54-a523-ddeb1cf6fe50,2022-10-31 21:28:38
962,,,,fbd13d5d-90d5-435d-bbd0-c65b9fcb14b6,2022-11-01 02:13:11
963,,,,e16173f2-ca30-495e-827b-45c1f81ad284,2022-11-01 03:20:59
964,,,,bfd30e57-fa45-4331-88e6-af11a0e750d9,2022-11-01 16:09:54
965,,,,2c881989-3fc5-446e-acca-c2e87e011582,2022-11-01 18:02:41
966,,,,c97968dc-7d17-484c-889d-98a1d443f0aa,2022-11-01 18:47:16
967,,,,41542b50-fe41-4ed0-8ba7-872bb3ebb29d,2022-11-02 01:37:32
968,,,,0d2abf4d-11e5-4f80-a8fd-19b04192d0d2,2022-11-02 01:42:49
1235,,,,b6a83dd5-3ff8-483d-a3e6-df24e36f9912,2023-11-14 22:21:09
1245,,,,b38500b1-fb9b-4e88-8d9c-7ec541b8aa49,2023-12-12 02:18:45
978,,,,d1fcf905-4064-43d2-a341-aa333f5b0956,2022-11-13 22:58:16
979,,,,e00bce2b-3b08-49a1-a8bd-d4a577222b72,2022-11-15 01:15:22
980,,,,13dcf012-4944-472d-a993-1ffc75b2bce1,2022-11-15 17:22:14
981,,,,cbd4c089-a0c8-44ab-a2dd-cce3bd693115,2022-11-16 00:51:40
982,,,,aebdd784-633a-4b91-baaf-e17fed7f5aba,2022-11-20 20:23:33
1255,,,,45a0053f-e972-44b0-81e9-87cae635743f,2024-01-05 22:21:29
985,,,,afd38b5b-81f8-4374-b452-9cc073af63c8,2022-11-23 05:14:05
986,,,,6d1c4c2c-4acd-48a5-912c-64522d580280,2022-11-23 20:57:14
987,,,,7392af30-4d45-4b2a-813b-2a926bb574dd,2022-11-24 01:29:49
984,Weight loss ,More exercise ,,632aa253-487e-491c-8ba0-14fa5187594f,2022-11-26 22:11:37
1263,,,,5260ac94-12d6-4359-b582-d04495351f79,2024-01-23 02:35:51
1031,walk with straight foot.,to be more present.,"remember when little memories and embracing the fun or love I felt, less bad thoughts, blaming",c1069b5d-93f4-4837-939f-1598aa0cb744,2023-01-12 21:59:34
989,Make myself a priority-track data ,,,22d8d39a-2b8a-4973-bb42-7fcc3984ffee,2022-11-30 02:52:56
1270,,,,da75f5c8-4ce1-4841-8f97-7d0b2c813f91,2024-01-28 22:01:48
1032,,,,eecb0bec-e7e3-40b1-84b3-0d93c1ae02d1,2023-01-13 13:21:19
1279,,,,949a4ac1-9a7b-4580-ae61-7a48076cca7b,2024-02-03 02:40:58
991,,,,208e12e3-819b-4518-8fe6-eedbdd4fe492,2022-12-02 03:45:15
992,,,,beb0651f-43d5-47f6-9510-911ea336196f,2022-12-05 15:59:57
993,,,,1246f71c-8c38-4979-96eb-ac21573f2478,2022-12-06 01:16:26
994,,,,2b7866a5-fc44-4818-8c67-4d1f87ee0004,2022-12-06 16:15:39
995,,,,37174446-79df-4a81-ad13-4868004bb385,2022-12-06 20:19:28
996,calmly manage situations to get task at hand done in a timely manner,"become mindful of task and take in complete situation before responding, ie read full paragragh and then respond to answer, listen carefully before responding (stop impulsiveness)",become organized,10fe4d42-659f-49b4-b5d2-ba92515b5d87,2022-12-08 08:16:56
997,,,,71de7056-c555-480d-8faf-6bc353e67d71,2022-12-08 08:19:49
1033,,,,06030bc4-1e93-4494-9c6b-2889b990376e,2023-01-13 19:38:22
1034,,,,128dc5c2-dfca-4fa3-93d9-1623fc77f7e8,2023-01-13 19:59:54
1035,,,,b42e4275-4a85-423a-86ae-c8536c8089fa,2023-01-14 06:22:45
1036,,,,d7570d83-28b9-49c9-a7e1-70a0fba5b861,2023-01-14 22:47:56
998,Be consistent with my daily tracking/Develop routine.,Identify trends with triggers and symptoms,Participate in clinical trials,872af158-f39c-4798-9e47-f9f810d5e96c,2022-12-09 22:04:45
999,,,,788a7244-d7df-4a1b-bfd0-190129234b41,2022-12-12 19:47:50
1000,,,,5af2b78b-7675-4425-bb18-0da0c3f7b5a2,2022-12-12 20:50:38
1001,,,,8ee49344-c803-438e-8a30-bf41c8cae495,2022-12-13 15:11:17
1002,,,,08debcca-f651-4b3d-bc23-565bdb893297,2022-12-13 20:08:23
1003,,,,99f78aa1-23c9-424d-80e5-b2709c5476d6,2022-12-14 17:03:37
1037,,,,ea647cb6-021f-4b28-b841-ae0abe9b6bd3,2023-01-15 20:09:05
1004,Get Database updated and Annual Greeting out.,Find better mitigations for urgency incontinence and dry eye/eye fatigue,Be able to focus on programming,58371647-1258-4b5c-9710-a687961ffb7e,2022-12-17 16:56:42
1005,,,,140b5d1f-9480-4480-b567-119f96ab5e40,2022-12-19 15:21:37
1006,,,,35097b8b-2676-4870-92ce-10c89959ebf4,2022-12-19 16:12:22
1009,,,,ab41eac0-fc82-43f4-bcaf-e885d0d8079b,2022-12-20 16:35:41
1010,,,,8a1f1124-b3e6-47f8-8adf-bee3851c7060,2022-12-20 19:18:52
1287,,,,039cf860-b6f4-4a9a-8008-f00f3ad93b20,2024-02-08 02:06:05
1012,,,,d9a51132-1472-40aa-8481-96e81191703d,2022-12-25 23:00:48
1013,,,,3282aed5-9243-451e-8bee-8e15bc1a5e16,2022-12-28 19:08:35
1014,,,,f63a958a-5145-4c71-b540-281ee35ecc22,2022-12-30 22:53:21
1015,Develop more kindness for myself.,Set up systems that help me succeed.,Notice trends in what triggers me.,f9542179-02e1-4e40-a0cd-12781a630df0,2023-01-03 01:44:42
1016,,,,3f2a3acf-7e57-4042-86a5-1f97b9c1b6f8,2023-01-03 15:12:28
1039,,,,64a9aa3d-ac87-4123-bb50-7397eba0f470,2023-01-17 08:01:39
1017,"Memory improvement using workbooks, etc","Do physical therapy exercises: treadmill, balance pad, sit stands, etc",Takw meds and supplements/ Hydrate and eat healthy,abfbc979-9219-46fa-9fbe-03b4a56c2fb3,2023-01-04 23:22:51
1007,To not be light sensitive ,,,4bed17f5-3565-460a-aae1-b4ccba41231a,2023-01-05 13:40:11
1019,,,,9462befa-395a-415f-8fed-45e7348b36b4,2023-01-09 14:38:45
1298,,,,49ef2072-494e-4def-99f5-c9106baf9f54,2024-02-25 03:46:47
1021,,,,35ed2276-0ba2-4c6d-b1b9-17e909b73785,2023-01-10 16:27:05
1022,,,,36087971-0f5e-46fe-9094-20e766f77c6c,2023-01-10 19:44:03
1023,,,,daec59ff-570f-44cd-9632-07b36e70d5ec,2023-01-10 20:23:14
1303,,,,85581c2e-205e-4b39-ab30-5d99d6d12923,2024-03-15 13:46:24
1025,,,,c93ba28f-a32c-4902-8543-ff962a151c1d,2023-01-11 20:21:18
1026,,,,74bf027c-d65a-40af-8ef2-e0ae16e2baee,2023-01-11 20:44:57
1027,,,,b3fb3305-7b5d-41df-baea-d8c5e32c6b89,2023-01-11 22:08:32
1040,,,,b0fa4e85-26f2-4cbb-b3bc-5ff4504c9244,2023-01-17 17:46:21
1028,Be able to walk without falling for a month,To be more active listening & process quicker ,Be more patient and not lose my temper,877cbc6f-c3aa-464a-9357-6386dda71317,2023-01-11 23:39:20
1041,,,,1a521cce-ea39-4d39-9678-5cf7d57c4202,2023-01-20 18:42:02
1056,"Get consistent, quality sleep ",Exercise at least 5 days/wk,Drink 2 qts of water/day,a55c843f-73f8-4da7-872c-6afade97ad67,2023-02-09 20:37:29
1030,Commit to completing one executive function project a week ,Work in planner at least 2 days a week ,Enjoy a new social activity at least twice a month ,8e8c2b12-1b3f-45dc-ac40-eca7df530c59,2023-02-17 05:49:33
1042,,,,2cae1141-8baa-4fb2-bb0c-4c2154b4e642,2023-01-25 18:13:30
1029,stay posative,get help from hospials,not get angry,a19d709f-1440-4cd0-9175-7b7368ecfdc3,2023-01-12 02:45:40
1043,,,,2d177cda-8e06-4502-85cd-d74a98f5b89c,2023-01-27 12:40:10
1044,,,,0ebe2a42-2437-4967-90b0-b3e70f874f34,2023-01-27 20:20:45
1045,,,,5949b4a9-684a-4314-ba03-d4d10d8b0f0a,2023-01-29 14:10:11
27,telephone interview with red cross,meeting Briley at IN Phlebotomy School ,assessment for IU Client Relations Associate,f2cc5a64-15a1-4182-87a1-c3792a862d19,2023-01-31 18:52:41
1046,,,,01786d46-2829-42e2-8d50-135b7e212ea3,2023-01-31 20:10:04
1047,,,,1a8d0146-bee3-43e6-bcd8-3a0de3d19ff7,2023-02-01 03:24:19
1057,,,,4f5da398-fcb4-437d-96a5-a3826a1514d4,2023-02-10 21:54:58
1058,,,,c19877bf-3100-499f-8209-0ba6122be0e5,2023-02-10 22:52:35
1049,,,,373ac8e2-5436-4b45-b8f8-29af472d7736,2023-02-02 03:18:10
1050,,,,9e4d43cd-080e-4e04-aa01-d6952571f61d,2023-02-03 11:12:33
1052,,,,c88d8757-5737-4f76-9baf-d995dc11105e,2023-02-07 16:11:40
1053,,,,54782a16-3f08-467c-81a7-55f9a0c581fa,2023-02-07 16:47:49
1054,,,,f65ac1c7-7b81-4c69-9db0-cc17552e50d4,2023-02-07 17:57:22
1055,,,,c3a15b90-e824-4783-823d-a1f3f3887963,2023-02-09 19:44:10
1008,Exercise regularly ,Do more chores ,Organize ,d5ebb383-26c7-488d-a80a-0615bf8e463b,2023-02-16 02:17:11
1059,,,,ad64a73c-3a95-496c-b3cf-130a49bf8669,2023-02-10 22:57:44
1064,,,,c11770ae-b951-4273-b0b9-88a12d6ea6df,2023-02-17 20:22:32
1060,,,,36103a91-7d02-4568-b96b-47950d8de897,2023-02-13 19:55:20
1061,,,,d8f41481-97d5-4634-89c0-49b7966ebb78,2023-02-14 14:47:02
1062,,,,fd220ed4-4fd5-4e33-b219-be6750a2bec3,2023-02-14 17:01:07
1066,,,,61e6acc2-2e4f-4576-92de-a20ab76d9483,2023-02-21 17:31:34
1065,,,,b39be267-dfcd-4598-9993-a1cf49c989f2,2023-02-20 23:14:42
1068,,,,a5a04a35-06c6-4c63-a425-cf9e880bf184,2023-02-25 14:53:43
1067,Be more active,,,0c4eb450-84ce-449d-908f-18ca4d633e4b,2023-02-23 15:55:33
1069,,,,3cd7d464-7a22-4e01-8127-415c576ab1de,2023-02-26 23:58:51
1070,,,,ed7d0cbd-c4a2-451a-8307-ddf6f0d37a30,2023-03-01 18:42:53
1071,,,,02b6b9c4-b386-4142-964c-a3a8b4e1e9ea,2023-03-03 01:22:16
1073,Better executive functioning,Less brain fog/memory issues/thought struggles,Better word finding ,0f74fec7-f770-4c7e-a18e-d928803a9a75,2023-03-05 15:17:27
1074,,,,483849ad-f99f-4475-a4f2-fd30a7f05874,2023-03-06 15:33:22
1075,,,,b86135ab-d7c5-424a-9fd4-7af27646a84f,2023-03-07 16:36:16
1076,,,,fb0c6404-870e-4c23-943d-19ccb1f9d5d8,2023-03-07 17:15:59
1038,Return to research and writing.,"Return to normal daily functioning (e.g., return to gym, resume driving, resume regular grocery shopping).","Return to community engagement (e.g., school visits, public readings, guest lectures). / 4th Goal Return to school and complete my Horticulture Diploma.",4fe425e4-90f1-45f7-88dc-3587609e2d88,2023-09-03 20:58:59
1072,Knowing What to Expect,Being Prepared,,98e42624-9483-4153-b396-279080b6f33f,2023-08-07 18:54:11
1079,only wake up 3 times a night,,,e971e364-784b-4260-9c57-52cc43dae4fb,2023-03-08 14:58:10
1051,10 pages of reading everyday ,5-7 Minutes of Mindfulness and Meditation every day ,5 minutes of writing left handed every day,e3242a1e-a2c5-4058-a510-21239fc7e978,2023-03-09 05:48:48
1080,,,,bcdab9bf-896e-422b-a330-2a5b2f12590a,2023-03-11 16:47:46
1081,,,,f8f08678-a725-467d-9a19-1b4d0af72f73,2023-03-14 19:39:44
1082,,,,875c02e1-640d-47c6-9afe-9671d6df4098,2023-03-16 19:30:49
1084,,,,6b639ee4-0a83-42d5-bb61-c2d2a510f16c,2023-03-17 16:24:20
1083,,,,8d7c0a8c-d554-45d8-b2d7-ac785d96abb3,2023-03-17 18:10:24
1085,,,,7d8d0caa-838f-4bf4-ada0-b74db1feb221,2023-03-20 06:02:40
1063,Finish physical injuries,Begin brain testing ..neurofeed back,Oxygen therapy ,be9f7b34-8c6b-407e-867d-6013c38621e2,2023-03-22 02:39:26
1086,,,,edb558a1-2508-4288-8ef7-9767a83bac55,2023-03-25 00:10:18
1087,,,,3a537b17-74f3-4e07-81c5-20b71a4bc61d,2023-03-25 20:41:54
1088,,,,c285c5d5-ec59-4451-885e-d99fbc81c6f5,2023-03-26 23:09:22
1089,,,,7d0cfa86-eaf6-46ee-8551-8cd753203acf,2023-03-28 16:29:29
1090,,,,2383d4d0-271a-4c0a-97d9-cbc681735222,2023-03-29 19:41:16
1091,,,,a2da1509-e10a-49c5-8280-08cb27b96d05,2023-03-30 01:18:39
1092,,,,77473f8c-ba31-43e4-ad75-f16d0b3836cc,2023-03-31 15:20:27
1093,,,,797e5823-291c-4260-a355-5fa15d4631f0,2023-03-31 20:24:44
1236,,,,372e7f4b-7c45-4696-812d-7bcabec12b2c,2023-11-17 14:29:41
1095,,,,36521807-63a1-48c5-87ad-a668069fde86,2023-04-02 18:59:17
1096,,,,e19ecfb3-631d-41cb-827e-904bdfa24482,2023-04-03 13:52:27
1097,,,,02706ea0-4f66-4e94-86c1-80b249097c25,2023-04-04 13:45:31
1178,,,,c866314c-c9ea-4e78-9d28-ad72ee7bc784,2023-07-04 13:28:14
1098,Start learning Rx,Yell less at family,Focus enough to finish school,f554f870-78dd-49bd-a02b-f5f22f373cc1,2023-04-06 15:12:33
1100,,,,a05344cd-6fed-405b-8135-e3485d8af36e,2023-04-06 15:45:41
1102,,,,a8bdbc7a-04f3-4d9c-aa1b-71f99692ab7a,2023-04-06 15:48:20
1103,,,,1a1478f7-97ce-471d-9ccf-cfed9cf21def,2023-04-06 16:22:34
1104,,,,b08b6f99-cdd3-4813-92d2-70be0b2a4212,2023-04-06 16:29:25
1105,,,,957fc522-4df8-449a-a18e-2d5c750e8467,2023-04-06 17:08:37
1106,,,,e5c7a60e-29cd-4129-b925-a4d22a539a82,2023-04-07 17:36:53
117,Time Awareness ,Sleep schedule ,Increase focus/stay on task/less distracted,5f307f0d-1049-4ea4-bf59-693a83c81068,2023-04-15 01:10:29
1107,,,,b8bee481-ca48-4612-bc5f-01abdad987d0,2023-04-17 17:17:23
1108,,,,217ca4c5-4b1c-4934-938e-458b90d35903,2023-04-17 20:49:01
1109,,,,b2a49841-7e64-4ff9-b985-d76a016be17d,2023-04-19 00:59:46
1246,,,,c0a536e0-2c3c-450a-92e1-0aeb832bc1c7,2023-12-16 15:44:23
1111,,,,e5b815bc-9221-4cec-b4fb-fc5336a25653,2023-04-19 17:47:40
1112,,,,159f650f-c2cc-47fb-9fa7-7bc0b840f971,2023-04-19 19:00:21
1113,,,,51b93d1e-5b98-47a7-8e96-646053fc7d7f,2023-04-21 15:39:28
1114,,,,a142c3f4-823c-435d-90c3-71b74f1203a1,2023-04-21 19:02:17
1115,,,,a97c5363-6216-45fa-9894-5f126494d697,2023-04-22 00:03:10
1116,,,,00e179cd-5edb-47fe-be53-b1e96e905433,2023-04-25 07:13:39
1117,,,,a92021a2-b0a0-4995-8f20-2412f93c4ffd,2023-04-27 15:29:25
1118,,,,2ca293db-06a0-4e70-9895-54ce27eecd3b,2023-04-28 00:59:09
1119,,,,b0dc61aa-3fc0-40e3-9c7d-770bf12955f1,2023-05-01 20:34:16
1099,more sleep,more exersice,work out more ,7a28f56b-a03e-4a01-acf8-980a869296f5,2023-05-02 14:01:23
1120,,,,eaf0a3b8-d04f-41d4-9bd5-431fe53362eb,2023-05-02 15:53:04
1121,40 hours/week engaged in work with <25% symptom impact.,,,51fbb529-46a0-4585-9c3e-caee3f430903,2023-05-05 22:48:40
1122,,,,a7038593-4cdf-4460-be23-0e2f014cb158,2023-05-09 01:41:01
1123,,,,efc1e2de-4258-4993-b0b3-a17431440e25,2023-05-09 21:10:23
1126,,,,2604de19-a08c-4c11-b885-ff06e2a0e83c,2023-05-10 13:47:00
1127,,,,833293a9-0f18-4a32-a2f5-19040ae8a1d9,2023-05-10 13:47:09
1129,,,,ba93daab-9e34-4e25-bdd0-2b53ead6fb0e,2023-05-10 13:47:23
1131,,,,adcac739-2a8a-4a02-bb20-748377d0eda3,2023-05-10 13:47:24
1132,,,,fed82bcb-d791-4232-b963-da1bc7a2a54c,2023-05-10 13:47:26
1133,,,,5e5bba85-9126-4710-8f9a-0b43dfe652d5,2023-05-10 13:47:26
1134,,,,e08d54e4-c6e7-4217-bb3c-a060a8ab8471,2023-05-10 13:47:28
1136,,,,8ac39eae-6ef0-4fb6-ac88-0230e770d55e,2023-05-10 13:47:42
1176,Get sleep,"Return to exercising, driving, computers, reading, multitasking","Return to work, church, restaurants, shopping, social life!",87ac9927-f4c6-4ade-85c8-8dd90f384b5c,2023-07-02 01:14:33
1125,RTP,,,43c1d84b-cb34-46c8-9e1f-3edcc75fd31e,2023-05-10 13:56:45
1128,back to sports,,,269ce914-1a5c-4294-bb9a-f34e0c8b1e98,2023-05-10 13:56:49
1256,,,,2e620f5a-1f65-4056-9ea4-9a916a51db4a,2024-01-07 00:52:15
1124,back to sport,,,0fd0f246-bf94-4ba8-b824-586439c7bebf,2023-05-10 13:57:03
1135,Back to sport ,,,8a5274fa-c319-4283-b2a5-bcfa83f601f6,2023-05-10 13:58:17
1130,return to sports,,,f14bbaf0-1f8f-4696-8e9b-6c8ba6578408,2023-05-10 14:00:29
1154,,,,ebd70ae8-fe99-4287-b3ee-f19dbe1ba8df,2023-05-31 19:02:23
1155,,,,94e82c26-02ed-4298-ba44-685f64be2acd,2023-06-02 15:32:59
1137,reduced sugar and white flours,daily exercise,repetition of questions,9daa4f15-8021-47a8-ac5d-be0e94ed3fb2,2023-05-11 20:24:19
1138,,,,e0a4258b-cd0a-44da-8d44-b98fec1cbdfa,2023-05-11 21:18:15
1139,,,,2df375cd-2e97-4cf8-bb3f-ca60ffe9d00c,2023-05-13 16:31:41
1140,,,,7682e1ae-c103-4a7b-9ea6-99dc92675fa2,2023-05-14 02:50:46
1141,,,,4c5e966d-035c-483c-aa9c-9fb4c8db1943,2023-05-14 06:12:39
1142,,,,fe847051-59c1-4b4c-be5a-ea0432e4bb21,2023-05-15 19:13:29
1143,,,,ca7f5b7c-cc63-4255-93f1-1ad342ec82aa,2023-05-16 16:06:13
1144,,,,76bf6b8e-d0ec-469b-a47f-409f6d866028,2023-05-17 16:12:49
1145,,,,b5b627e0-47ec-4fcf-81fd-3c4af1123a06,2023-05-19 13:12:38
1147,,,,b68fb0cb-cbb5-46d8-9022-67a535888c86,2023-05-19 20:30:57
1156,,,,584a852e-b25f-4ccf-9302-1e31f3ce48f5,2023-06-05 20:07:57
1157,,,,6d43b715-6fe4-4c34-a24a-be3580f60909,2023-06-10 06:19:56
1158,,,,69e9afda-bd1c-4692-b9ed-f1d381694aec,2023-06-12 02:47:16
1159,,,,3439e848-cdfc-4e66-8a6a-60ea31594e34,2023-06-12 11:24:48
1148,Attention dividers ,Word finding ,Over stimulation ,e2717226-42c8-4f6c-8333-e0f03324f9d4,2023-05-21 14:56:43
1149,,,,cc3862a2-bcb6-4513-b4e7-302b157b3886,2023-05-22 15:04:36
1150,,,,4c6ae740-0b1c-42e9-8fa6-4dc16e38a30d,2023-05-22 21:02:58
1151,,,,140666eb-8bef-4b1d-b6a1-0610751afc30,2023-05-22 23:46:45
1146,More time with photography without symptoms,Better vision,Reduce head and neck pain,e9d79077-2ec6-4613-bdf2-73b7417cf6d3,2023-05-24 12:29:17
1271,,,,94a70084-155e-4edc-b61f-6b1730a4d6c1,2024-01-29 17:09:16
1160,,,,37e83234-75c9-4a31-9c55-c8f8c80bdb34,2023-06-12 15:25:25
1161,,,,bd352c7a-ad34-427b-aabf-75826bc42d0a,2023-06-12 19:41:14
1162,,,,1c773ac8-c542-4676-ae69-15df7995360e,2023-06-16 04:36:42
1163,,,,110b072a-917e-4946-8303-c6047e192201,2023-06-17 15:46:07
1164,,,,2b925d90-cf4c-4000-b664-e2f02b0e7b75,2023-06-20 19:43:21
1167,Headaches,Balance,Vision,f3254479-3732-4db2-aeab-f336ceaf250c,2023-06-27 20:31:53
1165,Reduce sensitivity to light and noise ,Be able to function for longer periods ,Exercise again ,c7285a1a-4b9d-4a18-8958-8f95bd4d68f5,2023-06-21 07:46:27
1166,,,,2ce0a635-2c9c-42bc-8816-9c6a9c185ab2,2023-06-26 14:37:55
1168,,,,8aeebfc2-ad33-4c70-ae44-725ef450e6af,2023-06-26 21:01:35
1169,,,,14b8ee69-f5b6-4d76-8226-88abee61d317,2023-06-26 21:11:07
1264,Help around house more,Keep word when I give it,Take time for self,c372f140-aad0-4604-b26c-09a3d00d4c8e,2024-01-23 19:47:51
1171,,,,9678c984-c25d-46eb-a012-247ba95e8bc8,2023-06-27 15:42:13
1172,,,,be438074-b2ea-4017-8336-6e379a2a5811,2023-06-29 00:48:49
1101,,,,e4c025c4-f7db-49d5-a911-778f54a50445,2023-06-27 16:01:56
1174,,,,5d811bc3-3092-4330-9a47-01354911255c,2023-06-30 02:15:58
1175,,,,15aecd4f-256d-46af-822f-b89c6d3bfd1e,2023-06-30 21:23:25
1177,,,,67b44094-5b13-444a-b088-b128ac0a4504,2023-07-01 01:23:13
7,Less migraine headaches ,Be more motivated ,,5c36e1ba-cd72-415a-a6d5-be6d8d4b885a,2023-07-07 15:07:17
1173,Decrease headaches,Decrease noise sensitivity,Improve balance,6995ea42-1a9d-4e2f-929f-608b7a5fbd93,2023-07-06 20:22:03
1179,,,,4252a999-c674-425e-a494-ee44e5a73b63,2023-07-07 15:24:03
1181,,,,518e7ae7-42c4-42d3-a706-395c78fb421b,2023-07-07 20:27:32
1182,,,,6d199d9a-6333-4aeb-91f9-c0f35cefa385,2023-07-13 14:06:45
1280,,,,13f76f63-a6b3-4a4c-9b6f-cb975f0e6266,2024-02-03 17:33:29
1183,,,,3c3e08e9-bc74-43b1-8f51-4d15a47587ae,2023-07-18 05:43:27
1184,,,,55d2003a-8664-488f-b075-5902e950ab6f,2023-07-19 12:36:47
1186,,,,0343ff7d-d86c-4500-91f2-309764b2997b,2023-07-20 16:11:48
1180,Pace & space my activities. ,Rest/nap every afternoon for 30 minutes maximum.  Set timer ,Exercise 3x week & stretches 5x week,2775ea05-68fd-446d-9a74-47908f1250e6,2023-09-04 16:19:48
1214,Not to get sick,improve bladder,reduce pain,9b859e56-7206-4f39-8db3-9d18bc2f94ef,2023-10-30 19:10:59
1187,"Write a children's book and get it published (NOT self published)","Keep company with friends so I'm not so lonely",Eat healthy and swim,7ec320c8-3318-4a7b-bf43-82a4ab75394e,2023-08-01 00:48:11
1188,,,,78f378a2-501a-4350-bc58-4a8fd5ef8b85,2023-08-01 12:04:42
1190,,,,d4022369-67fb-450f-a5a8-a1b5ad469d7b,2023-08-03 22:47:57
1237,,,,72ef90a9-d67b-4ddd-b1f1-c931de03f4aa,2023-11-17 14:33:32
1191,Move away from PTSD,Improve memory,Learn,628f2a1f-41e0-4514-ae97-889fa2aa018f,2023-08-06 21:22:10
1247,Concentration,Problem solving,Memory,a9c14751-6ba4-40d5-8e49-fcd357127871,2023-12-20 04:52:14
1257,,,,b0eb5911-c865-4ded-b755-322a5e945a48,2024-01-10 19:38:36
189,"I want walk 10,000",sleep better,improve memory,8d75cff8-df9b-43f7-aed8-6866434ec054,2024-06-19 14:16:42
1373,,,,d8998c98-9234-46a5-bfac-0ebd5b014b3b,2024-06-24 17:35:11
1192,Healthy eating. No sugar/wheat,Gym 3 x ,Take supplements ,012eccde-f0b9-4ae2-aebf-3c821c461545,2023-08-07 18:01:24
1193,,,,f5771d82-3f80-4a0e-89b0-95c863353d13,2023-08-08 00:36:23
1375,,,,e9b22544-ff3e-499c-8aee-3eaadb840061,2024-07-10 03:24:02
1189,Follow up appointment tracking.,,,6f5fad28-8895-4866-83e0-182d720552f5,2023-08-08 14:56:09
1194,,,,615c6fe9-a6a6-4485-8d39-091986ec0b94,2023-08-10 02:34:35
1195,,,,49adbadf-dbcb-41f1-aea8-a217d5127bb5,2023-08-17 06:02:46
1196,,,,db480db8-e0d1-46f1-a43e-40a972643de1,2023-08-21 19:51:05
1197,,,,f92ab693-1cfb-432c-a31d-8df4f2246248,2023-08-22 12:46:51
1198,,,,ede434ee-4c2e-4865-845e-0309c8310ef9,2023-08-22 12:47:39
1199,,,,60333fd1-aa74-43b1-8a89-af2fd1d62e27,2023-08-23 02:01:30
1200,,,,c85373ab-1d65-4d57-bc23-d3d8085d7006,2023-08-31 23:34:46
1201,Help him understand ADHD meds are too risky with his currently anxiety.,Management of pain,"Management of anger regarding pain, no life, lack of focus, need of social life.",b899ed44-dc18-4475-8a6a-6f47a7b1542a,2023-08-31 23:39:37
451,get out More ,walking,work,c40aaf7f-f590-4ae3-a3fe-1d21f6a74886,2024-07-11 10:52:18
1202,,,,93c9bfb5-49d2-4a97-baed-99ca7e4a9343,2023-09-13 12:04:54
1203,,,,1cea9e54-3949-4077-b34e-729b08d18f71,2023-09-19 13:35:02
1265,,,,f07acf47-d7c9-46f9-bd07-509d338da201,2024-01-24 13:51:39
1206,,,,093ea1db-ccab-4081-8d9b-722aa1e2fa9a,2023-09-20 16:03:38
1207,,,,9a828160-691c-4da6-a485-78dfb158c6c8,2023-09-20 19:36:29
1208,,,,3e08e165-025a-4c91-8eb8-95f2dc7ccf04,2023-09-21 02:52:28
1210,,,,fbcc66c0-e2d6-4dc3-a6bf-ac248b0a908d,2023-09-25 20:43:43
1211,,,,cacfd055-dde6-492a-9c02-b916095955c1,2023-09-28 17:13:55
1212,Not be affected by light.,Spell,Consentrate,981a4e13-ae2b-4301-8de8-3fcbd6d6017c,2023-09-30 22:45:55
1378,,,,ec7ecc7e-10c0-4dad-aaae-bf650877ab62,2024-07-16 17:06:44
1215,,,,cfba5f4c-8266-4e4c-bcf8-36e423ab0e35,2023-10-14 16:43:27
1380,,,,3d02f8d7-fbde-41a8-b439-7e1bec360ec9,2024-07-23 18:34:02
1272,Improve focus,Reduce anxiety,Eliminate headaches,5ba4b2c1-c304-404e-9f3b-535984a22c61,2024-01-29 21:32:52
1216,Get stronger ,Start walking ,Get back to optimal health ,f2d237a1-9ef4-420a-8891-3da7ad138bb9,2023-10-15 15:13:56
1217,,,,8d7074b4-f3fc-4fa5-8e92-c032e9241565,2023-10-17 03:25:21
1218,,,,09a24238-5905-4eab-9983-15b9a8f5a941,2023-10-18 18:04:44
1219,,,,3441b000-55fb-4f55-b9d9-a10d62a311d8,2023-10-18 18:54:30
1220,,,,06997996-f06c-4be8-bfc7-5ea037293024,2023-10-18 22:23:54
1221,,,,74991513-e252-4757-bfc9-eeee9af114df,2023-10-27 10:58:53
1281,Take medication ,Stay on track of tasks ,Comprehend ,021a5e27-8029-4f0c-b268-cee04dbc40b9,2024-02-04 19:59:38
1382,Regulate Heartrate appropriately,Less Anxiety,More Energy,618ce86d-8bd7-4e20-91b9-a9d0630e3562,2024-07-24 18:00:35
1288,Get Sleep,Finish project,Finish taxes,f261f134-f331-4f57-8b08-be0cae434a60,2024-02-08 15:53:28
1293,get thin for jamaica,find a boyfriend,eat more vegetables (greens),09f0a2f5-a5df-46cb-9795-31a59ace3513,2024-02-18 20:03:49
1299,,,,a00c06ac-fff9-4f42-8534-4f9fb5da3f76,2024-02-27 04:48:16
1384,,,,188430d7-d7a4-44b4-a674-071206e83288,2024-07-27 22:22:22
1213,Direction,Pain management,Progress,a419b210-7615-40ac-ad05-a9e0a83046af,2024-02-28 14:46:00
1304,,,,9226492a-cc5b-48af-a6f7-31462be85b88,2024-03-19 13:16:55
1309,LET LOOSE!,Be Free,reduce anger,9f5aa78c-1823-4291-9fe3-5fea6bae4746,2024-03-28 15:42:54
1312,,,,3fbeafaf-8511-4b6f-94cd-9b7715b4da2a,2024-04-06 19:06:39
1316,,,,07e854da-09a4-41df-83c2-1109ba812f7f,2024-04-19 04:00:48
1320,,,,022242f1-bcae-4230-9b5d-e03b1e3e25fa,2024-04-26 19:44:07
1324,,,,ca4b94bf-a00c-42ea-82b2-7d2645718123,2024-05-05 12:39:09
1328,,,,ba9732ce-07a0-4dd6-be95-61a679bff5cf,2024-05-05 13:27:32
1332,,,,3ce206ec-a083-48a4-8895-9b764c331bf2,2024-05-05 13:45:07
1334,,,,c3aa3b64-2789-4abe-9da5-ea3760ee83cc,2024-05-05 13:45:20
1336,,,,ca253ed6-4e38-4938-a63d-a7bcb9fba92a,2024-05-05 13:45:32
1337,,,,2fa99c01-0e61-4f8a-be96-610c410e6dfe,2024-05-05 13:45:42
1340,,,,5f9b43fb-5206-4798-b2b5-d48924f41848,2024-05-05 13:46:44
1343,,,,621755a3-0d47-4a45-9913-4865e679f725,2024-05-05 13:47:07
1346,,,,4a8842e1-136f-40e0-a43f-28f49c2cf0ac,2024-05-05 13:48:03
1349,,,,4794c053-aa1e-48c0-abdb-6d0891d49e1d,2024-05-05 13:52:40
1352,,,,679a1879-009e-45e3-b160-ff27b27decbd,2024-05-05 13:58:21
1354,,,,f60b50e2-7288-4178-9dd3-41641173bfe9,2024-05-06 19:20:32
1357,,,,a628f5d4-b9f2-47c1-b427-4b77b4ef5bab,2024-05-08 22:25:59
1360,,,,defb1b99-337e-400a-b335-3a9e960134be,2024-05-28 19:01:54
1363,be better,,,b5e09c55-c0a8-4225-a0a3-c839c3a3b422,2024-06-02 15:57:06
1366,,,,0f70679e-ecb7-4e16-9077-716ce0181d31,2024-06-02 16:27:08
1152,Being able to focus and follow through ,Building daily healthy habits on all levels,Gaining resourceful new life skills ,d893dec6-4f36-4cca-85c4-0ef31ba2a09b,2024-06-10 19:46:17
1368,,,,926d5174-76c3-4577-9628-31a6897d416c,2024-06-11 18:34:27
1370,Working on mood swings,Not being sensitive to light,Working on the blurred vision,1b0755ec-e30c-4477-8e62-c1330829316a,2024-06-12 18:34:03
1390,,,,9a1a5290-b3b5-4d7c-a8d0-3bb776f253b3,2024-07-31 19:01:08
1392,Be able to write legibly again - without shaky handwriting,,,b8eb7f16-5597-41a1-b078-681fc69bbf0a,2024-08-02 18:39:01
1394,,,,0f1d33f9-125a-4163-a3f4-0c78230b1542,2024-08-13 17:15:12
1396,,,,5a75caca-a6c0-4212-8802-d0e1dc4edcd9,2024-08-14 14:43:48
1398,,,,886c8079-a1e7-4dd0-8cb2-73d2a21d7c59,2024-08-18 05:31:57
1401,,,,efda353c-04cc-4b47-b8b4-55851fa49530,2024-08-27 17:13:08
1403,,,,47754fc3-800e-4807-9969-6b1fff595ff5,2024-08-29 15:13:57
1405,,,,45c99c2b-e759-402c-b77e-e4c2aac0cd40,2024-09-01 00:16:22
1386,Irritating,Talking ,Stressed ,71e3b526-0424-4248-bdf7-3a28958c2f37,2024-09-03 17:54:34
1407,,,,9d57b744-78d8-4131-ae40-af7f045b62a4,2024-09-04 00:48:01
1409,,,,65ae42c6-d9e9-43ae-9712-66bbf6c2c721,2024-09-05 22:57:43
1411,,,,9ad2ea9d-44b9-4283-b3d0-ec3c54993cd7,2024-09-06 20:22:19
1412,,,,1326509a-9887-4d30-902e-fcb0a55dc396,2024-09-07 17:14:31
1413,,,,ddfe7f91-5d4e-4cb0-84d6-cfecc7f5954c,2024-09-07 17:30:23
502,hydration,meals,walking,21dbc593-f4dd-454d-b296-ba2e15c3c373,2024-09-08 15:55:25
1414,,,,e64edabb-b574-4100-9de8-e34dc248448f,2024-09-09 18:25:02
1415,,,,cf71ad81-c381-415c-bc27-d9e0c3e27a2c,2024-09-10 17:15:03
1372,Eliminate Seizures ,Relive the anxiety from my wife and show that I am doing everything I can to take my health serious. ,Become a better person ,cc2b3a8c-2a5a-4d13-a8f9-995c017ececd,2024-09-12 13:48:38
1416,,,,302187ca-65e4-4682-bf03-058751831e7c,2024-09-23 04:26:37
1209,Testing new test,,,c190d2b0-12b3-44d2-a283-c0c5fc6e81bb,2024-09-23 17:14:08
1420,,,,5f0de640-fa05-4961-9bb0-fb3ce3516d6a,2024-09-27 21:22:54
1421,,,,1dc1bf17-8ff8-4566-84fc-80ea4ca9fb07,2024-09-27 21:58:43
1422,,,,14d48281-be11-454c-a7e3-4aa8ed53677c,2024-09-27 21:59:32
1417,Get rid of constant headaches and ringing in the ear. ,Eyes sensitivity and being able to be outside or in a room without sunglasses. ,"Fear of groups, going places, getting hit again and flashbacks. Will I ever not be so scared?",d21b7875-f2b3-4af5-adbe-6198a6f64d00,2024-09-24 18:37:27
1423,,,,d7dab327-47d7-49d5-b7dd-6b0936d2fbc4,2024-09-28 00:10:49
1418,Decreased frustration,Identify triggers ,Increase task persistence ,d6480b39-a2f2-4f64-be58-b5a5f1c038e9,2024-09-25 22:41:55
1419,,,,be20b7c3-5cf3-4206-b9dc-d18e6b68e570,2024-09-27 16:28:23
1424,,,,837f53b0-4286-4dd3-bfc2-3c564aa12d2a,2024-09-28 18:15:42
1425,,,,c33e5500-27c5-46c4-a3da-f46b74b9b6d9,2024-09-30 17:36:17
1426,,,,d7b99898-bf20-4d41-9392-38bd9fa96e21,2024-09-30 21:03:18
1427,,,,395edf68-a6ee-45d6-9e60-60df3c259d70,2024-10-02 22:06:37
1430,,,,65549a28-8212-4c75-975e-ec3f998e1776,2024-10-03 01:29:36
1429,Go for a run,Have 1 hour of rest a day ,,2d9bb971-6f84-41ae-9888-b274881ab256,2024-10-03 01:36:17
1431,,,,3dfacd3c-de4f-42ed-bf1e-1c8c49bf593f,2024-10-03 02:26:02
1434,,,,2ac65797-9ec8-4eb9-9bf4-a122c594f8af,2024-10-06 19:11:02
1432,Improved Memory,Improved ability to speak in public,Get my life back,4b6198e9-cafa-43e1-a827-368df8897999,2024-10-04 03:29:55
1428,Focus,Motivation ,Productivity,ceb5fb74-32a2-4cd6-ad33-80fb7bbb4278,2024-10-04 01:57:43
1435,Respirar 1 vez x día 5 minutos,Meditar 30 min al día,Tomar agua 2 litros x día,c21428f9-ed54-407e-916b-f77d72583214,2024-10-07 19:04:26
1433,,,,dc266e07-f23b-4df4-9d23-00a04f7b00de,2024-10-06 16:52:55
1436,,,,bf4781db-677d-424b-b172-4b4ae31fb480,2024-10-10 14:11:59
1440,,,,976de419-14f3-4415-adc3-56078b9caeb3,2024-10-24 08:13:19
1439,,,,7f103eff-3f50-48fd-8742-f67471ff9105,2024-10-21 14:24:49
1438,"10% improvement in Cynthia's top 3 symptoms. ","Help to supplement Cynthia's own tracking. ",Identify top 3 triggers.,4d559454-1c36-4b6c-a70a-6bf9e1cf23c0,2024-10-24 00:16:42
1441,,,,4ed48a67-53cb-40e3-897d-e3b2c24d9145,2024-10-29 01:52:39
1442,,,,5141ee38-05d8-475b-939f-0f0c3f0be3d9,2024-10-29 01:57:49
1443,,,,089c9a64-6088-4722-aa0c-3ea978deec1a,2024-11-02 15:06:30
1444,,,,06fb048f-f615-4cb2-9754-e4cd72d13e10,2024-11-05 10:16:38
1445,,,,67c20844-8151-485d-b58a-bcece11c169d,2024-11-09 01:36:16
1446,,,,5b245411-9820-4915-a9d1-623183fe58de,2024-11-14 18:34:11
1447,,,,2985af3c-343f-411d-9895-2904594d8d50,2024-11-22 12:45:36
1448,How can I reduce my crying,Increase deep breath work,,2c046eac-9a9a-4983-b7fc-82a656c0e757,2024-12-03 21:45:09
1449,,,,24a7a44f-216e-4135-9716-85bb8a75ca37,2024-12-04 00:38:52
1450,,,,7ad2e257-e52a-4415-bdb0-82c80df1dbf6,2024-12-09 03:09:19
1451,Make dinner while kiddos are home - keeping stress level under 5/10,Increase time I can spend in a stimulating environment to 1 hour (with Sx at 5/10 or less),"When I have open time, go slow and allow my brain to rest.",ba904efc-5176-43f2-9fd6-3a4c76109afd,2024-12-16 04:56:45
1452,Reduce the number of times of fainting,Figure out triggers of fainting,Prove these drs wrong ,6f6d842b-1fb9-48dd-b713-5ec27598911a,2024-12-21 10:31:41
1453,,,,ce4a051a-3cb7-453b-b393-61483bedc36f,2024-12-31 12:30:32
1252,See where baseline is,Can change behaviors that impact symptoms , Decrease symptoms,4dbf8668-4364-4bfe-b7f3-62413ea8d69a,2025-01-05 02:53:22
1454,,,,e4146d00-4271-4070-ad65-1741b24a2fff,2025-01-05 12:53:27
1455,,,,1a3e1649-940e-4fc4-b0fc-289a5a6fa9ae,2025-01-08 01:20:03
1456,,,,9410967c-3f99-4fa9-b5d5-9e2d36b20251,2025-01-09 15:44:35
1458,,,,22884dd0-ccab-4988-88ae-225e23780b92,2025-01-21 16:26:00
1457,Improve tolerance for sound / decr hyperacusis,Improve double vision / decr episodes ,Improve speech / decr slurring ,d28df237-1031-4231-a76b-46b4597fad28,2025-01-22 03:42:22
1459,,,,e7d21f6e-f2ea-4874-ba6e-bdb421003a8f,2025-01-23 09:22:09
1460,,,,0e1c7633-38f1-43a9-80ba-01fc228003f6,2025-01-30 18:54:15
1461,,,,2f5a30e2-e0c5-4b34-8428-05ba3926c6ae,2025-02-03 17:40:59
1462,Lower migraine ,Start vision therapy ,Get a primary ,fec6b9d0-e6ca-4264-aa9c-e992822ea3a9,2025-02-05 18:34:40
1463,Get on a regular schedule.,Get out of bed daily.,Improve overall mood and quality of life.,e388cc8f-37ba-4c72-a2f0-da9c5c924af2,2025-02-13 07:03:26
1464,,,,28441201-d16e-40a1-b9d1-ea2959b5495b,2025-02-14 11:16:18
1465,,,,18e6063e-8661-4d01-b21e-5d59c942426b,2025-02-19 11:55:53
1466,,,,e97927ae-c872-4d6c-9605-6406a6bbb472,2025-02-23 14:19:06
1467,,,,2506a54d-7272-495f-9c63-677338888273,2025-02-23 14:25:36
1468,,,,02b72dc4-3645-4f19-be5a-989e9147544e,2025-02-24 20:04:03
1469,,,,34c3f810-f811-48ea-8227-9f65713da02b,2025-02-24 22:39:53
1470,,,,a48184e3-7f53-4775-a658-193bef78513f,2025-02-25 06:14:21
1471,,,,abfd7821-f34a-41ce-a07d-4d0bc3436c55,2025-03-03 20:57:25
1472,,,,934ff2dd-792c-436a-899c-f7ded653e58d,2025-03-05 01:30:42
1437,motivated ,pain free,able to relate to friends,7191ba91-2cd5-4815-a418-ffd383296e28,2025-03-05 06:08:03
1473,,,,8b798974-2d6b-4d99-95c9-2fd7d0954e44,2025-03-05 16:12:24
1474,,,,61f56309-18ff-4c52-87a1-2b43f47c6ee8,2025-03-06 03:01:08
1475,,,,21c4850b-67d7-413e-b635-1f76a175cdb6,2025-03-16 14:11:37